{
  "count": 2,
  "value": [
    {
      "id": 159,
      "rev": 2,
      "fields": {
        "System.AreaPath": "PartsUnlimited-Lab",
        "System.TeamProject": "PartsUnlimited-Lab",
        "System.IterationPath": "PartsUnlimited-Lab",
        "System.WorkItemType": "Bug",
        "System.State": "Approved",
        "System.Reason": "Approved by the Product Owner",
        "System.CreatedDate": "2023-01-23T16:05:36.38Z",
        "System.CreatedBy": "Julian Schobert <julian.schobert@servicenow.com>",
        "System.ChangedDate": "2023-01-23T16:06:22Z",
        "System.ChangedBy": "Julian Schobert <julian.schobert@servicenow.com>",
        "System.Title": "Decline in orders noticed - Please Investigate immediately",
        "Microsoft.VSTS.Scheduling.Effort": 0.0,
        "System.Description": "Decline in orders noticed - Please Investigate immediately",
        "System.AssignedTo": null,
        "Microsoft.VSTS.Scheduling.RemainingWork": 0.0,
        "Microsoft.VSTS.Common.Priority": 1.0,
        "System.BoardLane": null,
        "System.Tags": null,
        "Microsoft.VSTS.TCM.Steps": null,
        "Microsoft.VSTS.TCM.Parameters": null,
        "Microsoft.VSTS.TCM.LocalDataSource": null,
        "Microsoft.VSTS.TCM.AutomationStatus": null,
        "System.History": null
      },
      "relations": [
        {
          "rel": "ArtifactLink",
          "url": "vstfs:///Git/PullRequestId/02dace75-887f-41d5-8cec-75cb554322ee%2Fe39c00bd-7571-452a-a7f0-af9500d27984%2F21",
          "attributes": {
            "authorizedDate": "2023-01-23T16:06:22Z",
            "id": "16465666",
            "resourceCreatedDate": "2023-01-23T16:06:22Z",
            "resourceModifiedDate": "2023-01-23T16:06:22Z",
            "revisedDate": "9999-01-01T00:00:00Z",
            "name": "Pull Request"
          }
        }
      ],
      "url": "https://dev.azure.com/sndevops-lab/_apis/wit/workItems/159"
    },
    {
      "id": 160,
      "rev": 1,
      "fields": {
        "System.AreaPath": "PartsUnlimited-Lab",
        "System.TeamProject": "PartsUnlimited-Lab",
        "System.IterationPath": "$ProjectName$\\Sprint 3",
        "System.WorkItemType": "Bug",
        "System.State": "New",
        "System.Reason": "New defect reported",
        "System.CreatedDate": "2023-01-23T16:05:36.727Z",
        "System.CreatedBy": "Julian Schobert <julian.schobert@servicenow.com>",
        "System.ChangedDate": "2023-01-23T16:05:36.727Z",
        "System.ChangedBy": "Julian Schobert <julian.schobert@servicenow.com>",
        "System.Title": "Sel_IE_Navigate Failed in 2488",
        "Microsoft.VSTS.Scheduling.Effort": 0.0,
        "System.Description": "Sel_IE_Navigate Failed in 2488",
        "System.AssignedTo": null,
        "Microsoft.VSTS.Scheduling.RemainingWork": 0.0,
        "Microsoft.VSTS.Common.Priority": 2.0,
        "System.BoardLane": null,
        "System.Tags": null,
        "Microsoft.VSTS.TCM.Steps": null,
        "Microsoft.VSTS.TCM.Parameters": null,
        "Microsoft.VSTS.TCM.LocalDataSource": null,
        "Microsoft.VSTS.TCM.AutomationStatus": null,
        "System.History": null
      },
      "relations": [
        {
          "rel": "System.LinkTypes.Hierarchy-Reverse",
          "url": "https://dev.azure.com/sndevops-lab/_apis/wit/workItems/196",
          "attributes": {
            "isLocked": "false",
            "comment": "Making a new link for the dependency",
            "name": "Parent"
          }
        }
      ],
      "url": "https://dev.azure.com/sndevops-lab/_apis/wit/workItems/160"
    }
  ],
  "HttpStatusCode": 0,
  "Message": null
}