{
  "count": 16,
  "value": [
    {
      "id": 161,
      "rev": 1,
      "fields": {
        "System.AreaPath": "PartsUnlimited-Lab",
        "System.TeamProject": "PartsUnlimited-Lab",
        "System.IterationPath": "PartsUnlimited-Lab",
        "System.WorkItemType": "Epic",
        "System.State": "Done",
        "System.Reason": "Work finished",
        "System.CreatedDate": "2023-01-23T16:05:37.063Z",
        "System.CreatedBy": "Julian Schobert <julian.schobert@servicenow.com>",
        "System.ChangedDate": "2023-01-23T16:05:37.063Z",
        "System.ChangedBy": "Julian Schobert <julian.schobert@servicenow.com>",
        "System.Title": "As developer, I want to use Azure Machine Learning to provide a recommendations engine behind the website.",
        "Microsoft.VSTS.Scheduling.Effort": 0.0,
        "System.Description": "As developer, I want to use Azure Machine Learning to provide a recommendations engine behind the website.",
        "System.AssignedTo": "Julian Schobert <julian.schobert@servicenow.com>",
        "Microsoft.VSTS.Scheduling.RemainingWork": 0.0,
        "Microsoft.VSTS.Common.Priority": 2.0,
        "System.BoardLane": null,
        "System.Tags": null,
        "Microsoft.VSTS.TCM.Steps": null,
        "Microsoft.VSTS.TCM.Parameters": null,
        "Microsoft.VSTS.TCM.LocalDataSource": null,
        "Microsoft.VSTS.TCM.AutomationStatus": null,
        "System.History": null
      },
      "relations": null,
      "url": "https://dev.azure.com/sndevops-lab/_apis/wit/workItems/161"
    },
    {
      "id": 162,
      "rev": 1,
      "fields": {
        "System.AreaPath": "PartsUnlimited-Lab",
        "System.TeamProject": "PartsUnlimited-Lab",
        "System.IterationPath": "PartsUnlimited-Lab",
        "System.WorkItemType": "Epic",
        "System.State": "Done",
        "System.Reason": "Work finished",
        "System.CreatedDate": "2023-01-23T16:05:37.34Z",
        "System.CreatedBy": "Julian Schobert <julian.schobert@servicenow.com>",
        "System.ChangedDate": "2023-01-23T16:05:37.34Z",
        "System.ChangedBy": "Julian Schobert <julian.schobert@servicenow.com>",
        "System.Title": "As ops guy, I'd like to keep the business owners happy ensuring there is no wasted spend in cloud resources.",
        "Microsoft.VSTS.Scheduling.Effort": 0.0,
        "System.Description": "As ops guy, I'd like to keep the business owners happy ensuring there is no wasted spend in cloud resources.",
        "System.AssignedTo": "lsteel109@outlook.com",
        "Microsoft.VSTS.Scheduling.RemainingWork": 0.0,
        "Microsoft.VSTS.Common.Priority": 2.0,
        "System.BoardLane": null,
        "System.Tags": null,
        "Microsoft.VSTS.TCM.Steps": null,
        "Microsoft.VSTS.TCM.Parameters": null,
        "Microsoft.VSTS.TCM.LocalDataSource": null,
        "Microsoft.VSTS.TCM.AutomationStatus": null,
        "System.History": null
      },
      "relations": null,
      "url": "https://dev.azure.com/sndevops-lab/_apis/wit/workItems/162"
    },
    {
      "id": 163,
      "rev": 1,
      "fields": {
        "System.AreaPath": "PartsUnlimited-Lab",
        "System.TeamProject": "PartsUnlimited-Lab",
        "System.IterationPath": "PartsUnlimited-Lab",
        "System.WorkItemType": "Epic",
        "System.State": "Done",
        "System.Reason": "Work finished",
        "System.CreatedDate": "2023-01-23T16:05:37.63Z",
        "System.CreatedBy": "Julian Schobert <julian.schobert@servicenow.com>",
        "System.ChangedDate": "2023-01-23T16:05:37.63Z",
        "System.ChangedBy": "Julian Schobert <julian.schobert@servicenow.com>",
        "System.Title": "We want to make frequent enhancements to the MRP application and need to modernize the application from its current legacy state.",
        "Microsoft.VSTS.Scheduling.Effort": 0.0,
        "System.Description": "We want to make frequent enhancements to the MRP application and need to modernize the application from its current legacy state.",
        "System.AssignedTo": "Julian Schobert <julian.schobert@servicenow.com>",
        "Microsoft.VSTS.Scheduling.RemainingWork": 0.0,
        "Microsoft.VSTS.Common.Priority": 2.0,
        "System.BoardLane": null,
        "System.Tags": null,
        "Microsoft.VSTS.TCM.Steps": null,
        "Microsoft.VSTS.TCM.Parameters": null,
        "Microsoft.VSTS.TCM.LocalDataSource": null,
        "Microsoft.VSTS.TCM.AutomationStatus": null,
        "System.History": null
      },
      "relations": null,
      "url": "https://dev.azure.com/sndevops-lab/_apis/wit/workItems/163"
    },
    {
      "id": 164,
      "rev": 1,
      "fields": {
        "System.AreaPath": "PartsUnlimited-Lab",
        "System.TeamProject": "PartsUnlimited-Lab",
        "System.IterationPath": "PartsUnlimited-Lab",
        "System.WorkItemType": "Epic",
        "System.State": "Done",
        "System.Reason": "Work finished",
        "System.CreatedDate": "2023-01-23T16:05:37.9Z",
        "System.CreatedBy": "Julian Schobert <julian.schobert@servicenow.com>",
        "System.ChangedDate": "2023-01-23T16:05:37.9Z",
        "System.ChangedBy": "Julian Schobert <julian.schobert@servicenow.com>",
        "System.Title": "As a marketeer i want our website to be performant and available around the world",
        "Microsoft.VSTS.Scheduling.Effort": 0.0,
        "System.Description": "As a marketeer i want our website to be performant and available around the world",
        "System.AssignedTo": "craig109@outlook.com",
        "Microsoft.VSTS.Scheduling.RemainingWork": 0.0,
        "Microsoft.VSTS.Common.Priority": 2.0,
        "System.BoardLane": null,
        "System.Tags": null,
        "Microsoft.VSTS.TCM.Steps": null,
        "Microsoft.VSTS.TCM.Parameters": null,
        "Microsoft.VSTS.TCM.LocalDataSource": null,
        "Microsoft.VSTS.TCM.AutomationStatus": null,
        "System.History": null
      },
      "relations": null,
      "url": "https://dev.azure.com/sndevops-lab/_apis/wit/workItems/164"
    },
    {
      "id": 165,
      "rev": 1,
      "fields": {
        "System.AreaPath": "PartsUnlimited-Lab",
        "System.TeamProject": "PartsUnlimited-Lab",
        "System.IterationPath": "PartsUnlimited-Lab",
        "System.WorkItemType": "Epic",
        "System.State": "Done",
        "System.Reason": "Work finished",
        "System.CreatedDate": "2023-01-23T16:05:38.25Z",
        "System.CreatedBy": "Julian Schobert <julian.schobert@servicenow.com>",
        "System.ChangedDate": "2023-01-23T16:05:38.25Z",
        "System.ChangedBy": "Julian Schobert <julian.schobert@servicenow.com>",
        "System.Title": "As a user i want to be able to search the PartsUnlimited Website so that i can find the products i want to purchase",
        "Microsoft.VSTS.Scheduling.Effort": 0.0,
        "System.Description": "As a user i want to be able to search the PartsUnlimited Website so that i can find the products i want to purchase",
        "System.AssignedTo": "ckelly109@outlook.com",
        "Microsoft.VSTS.Scheduling.RemainingWork": 0.0,
        "Microsoft.VSTS.Common.Priority": 2.0,
        "System.BoardLane": null,
        "System.Tags": null,
        "Microsoft.VSTS.TCM.Steps": null,
        "Microsoft.VSTS.TCM.Parameters": null,
        "Microsoft.VSTS.TCM.LocalDataSource": null,
        "Microsoft.VSTS.TCM.AutomationStatus": null,
        "System.History": null
      },
      "relations": null,
      "url": "https://dev.azure.com/sndevops-lab/_apis/wit/workItems/165"
    },
    {
      "id": 166,
      "rev": 1,
      "fields": {
        "System.AreaPath": "PartsUnlimited-Lab",
        "System.TeamProject": "PartsUnlimited-Lab",
        "System.IterationPath": "PartsUnlimited-Lab",
        "System.WorkItemType": "Epic",
        "System.State": "Done",
        "System.Reason": "Work finished",
        "System.CreatedDate": "2023-01-23T16:05:38.547Z",
        "System.CreatedBy": "Julian Schobert <julian.schobert@servicenow.com>",
        "System.ChangedDate": "2023-01-23T16:05:38.547Z",
        "System.ChangedBy": "Julian Schobert <julian.schobert@servicenow.com>",
        "System.Title": "As ops guy, I'd like to make sure I am notified anytime public availability is impacted for key user scenarios",
        "Microsoft.VSTS.Scheduling.Effort": 0.0,
        "System.Description": "As ops guy, I'd like to make sure I am notified anytime public availability is impacted for key user scenarios",
        "System.AssignedTo": "lsteel109@outlook.com",
        "Microsoft.VSTS.Scheduling.RemainingWork": 0.0,
        "Microsoft.VSTS.Common.Priority": 2.0,
        "System.BoardLane": null,
        "System.Tags": null,
        "Microsoft.VSTS.TCM.Steps": null,
        "Microsoft.VSTS.TCM.Parameters": null,
        "Microsoft.VSTS.TCM.LocalDataSource": null,
        "Microsoft.VSTS.TCM.AutomationStatus": null,
        "System.History": null
      },
      "relations": null,
      "url": "https://dev.azure.com/sndevops-lab/_apis/wit/workItems/166"
    },
    {
      "id": 167,
      "rev": 1,
      "fields": {
        "System.AreaPath": "PartsUnlimited-Lab",
        "System.TeamProject": "PartsUnlimited-Lab",
        "System.IterationPath": "PartsUnlimited-Lab",
        "System.WorkItemType": "Epic",
        "System.State": "New",
        "System.Reason": "New epic",
        "System.CreatedDate": "2023-01-23T16:05:38.79Z",
        "System.CreatedBy": "Julian Schobert <julian.schobert@servicenow.com>",
        "System.ChangedDate": "2023-01-23T16:05:38.79Z",
        "System.ChangedBy": "Julian Schobert <julian.schobert@servicenow.com>",
        "System.Title": "Payment",
        "Microsoft.VSTS.Scheduling.Effort": 0.0,
        "System.Description": "Payment",
        "System.AssignedTo": null,
        "Microsoft.VSTS.Scheduling.RemainingWork": 0.0,
        "Microsoft.VSTS.Common.Priority": 2.0,
        "System.BoardLane": null,
        "System.Tags": null,
        "Microsoft.VSTS.TCM.Steps": null,
        "Microsoft.VSTS.TCM.Parameters": null,
        "Microsoft.VSTS.TCM.LocalDataSource": null,
        "Microsoft.VSTS.TCM.AutomationStatus": null,
        "System.History": null
      },
      "relations": [
        {
          "rel": "System.LinkTypes.Hierarchy-Forward",
          "url": "https://dev.azure.com/sndevops-lab/_apis/wit/workItems/181",
          "attributes": {
            "isLocked": "false",
            "comment": "Making a new link for the dependency",
            "name": "Child"
          }
        }
      ],
      "url": "https://dev.azure.com/sndevops-lab/_apis/wit/workItems/167"
    },
    {
      "id": 168,
      "rev": 1,
      "fields": {
        "System.AreaPath": "PartsUnlimited-Lab",
        "System.TeamProject": "PartsUnlimited-Lab",
        "System.IterationPath": "PartsUnlimited-Lab",
        "System.WorkItemType": "Epic",
        "System.State": "New",
        "System.Reason": "New epic",
        "System.CreatedDate": "2023-01-23T16:05:39.02Z",
        "System.CreatedBy": "Julian Schobert <julian.schobert@servicenow.com>",
        "System.ChangedDate": "2023-01-23T16:05:39.02Z",
        "System.ChangedBy": "Julian Schobert <julian.schobert@servicenow.com>",
        "System.Title": "Product Catalog",
        "Microsoft.VSTS.Scheduling.Effort": 0.0,
        "System.Description": "Product Catalog",
        "System.AssignedTo": null,
        "Microsoft.VSTS.Scheduling.RemainingWork": 0.0,
        "Microsoft.VSTS.Common.Priority": 2.0,
        "System.BoardLane": null,
        "System.Tags": null,
        "Microsoft.VSTS.TCM.Steps": null,
        "Microsoft.VSTS.TCM.Parameters": null,
        "Microsoft.VSTS.TCM.LocalDataSource": null,
        "Microsoft.VSTS.TCM.AutomationStatus": null,
        "System.History": null
      },
      "relations": [
        {
          "rel": "System.LinkTypes.Hierarchy-Forward",
          "url": "https://dev.azure.com/sndevops-lab/_apis/wit/workItems/182",
          "attributes": {
            "isLocked": "false",
            "comment": "Making a new link for the dependency",
            "name": "Child"
          }
        }
      ],
      "url": "https://dev.azure.com/sndevops-lab/_apis/wit/workItems/168"
    },
    {
      "id": 169,
      "rev": 1,
      "fields": {
        "System.AreaPath": "PartsUnlimited-Lab",
        "System.TeamProject": "PartsUnlimited-Lab",
        "System.IterationPath": "PartsUnlimited-Lab",
        "System.WorkItemType": "Epic",
        "System.State": "New",
        "System.Reason": "New epic",
        "System.CreatedDate": "2023-01-23T16:05:39.26Z",
        "System.CreatedBy": "Julian Schobert <julian.schobert@servicenow.com>",
        "System.ChangedDate": "2023-01-23T16:05:39.26Z",
        "System.ChangedBy": "Julian Schobert <julian.schobert@servicenow.com>",
        "System.Title": "Customer Service",
        "Microsoft.VSTS.Scheduling.Effort": 0.0,
        "System.Description": "Customer Service",
        "System.AssignedTo": null,
        "Microsoft.VSTS.Scheduling.RemainingWork": 0.0,
        "Microsoft.VSTS.Common.Priority": 2.0,
        "System.BoardLane": null,
        "System.Tags": null,
        "Microsoft.VSTS.TCM.Steps": null,
        "Microsoft.VSTS.TCM.Parameters": null,
        "Microsoft.VSTS.TCM.LocalDataSource": null,
        "Microsoft.VSTS.TCM.AutomationStatus": null,
        "System.History": null
      },
      "relations": [
        {
          "rel": "System.LinkTypes.Hierarchy-Forward",
          "url": "https://dev.azure.com/sndevops-lab/_apis/wit/workItems/184",
          "attributes": {
            "isLocked": "false",
            "comment": "Making a new link for the dependency",
            "name": "Child"
          }
        },
        {
          "rel": "System.LinkTypes.Hierarchy-Forward",
          "url": "https://dev.azure.com/sndevops-lab/_apis/wit/workItems/185",
          "attributes": {
            "isLocked": "false",
            "comment": "Making a new link for the dependency",
            "name": "Child"
          }
        }
      ],
      "url": "https://dev.azure.com/sndevops-lab/_apis/wit/workItems/169"
    },
    {
      "id": 170,
      "rev": 1,
      "fields": {
        "System.AreaPath": "PartsUnlimited-Lab",
        "System.TeamProject": "PartsUnlimited-Lab",
        "System.IterationPath": "PartsUnlimited-Lab",
        "System.WorkItemType": "Epic",
        "System.State": "New",
        "System.Reason": "New epic",
        "System.CreatedDate": "2023-01-23T16:05:39.497Z",
        "System.CreatedBy": "Julian Schobert <julian.schobert@servicenow.com>",
        "System.ChangedDate": "2023-01-23T16:05:39.497Z",
        "System.ChangedBy": "Julian Schobert <julian.schobert@servicenow.com>",
        "System.Title": "Membership and Rewards Program",
        "Microsoft.VSTS.Scheduling.Effort": 0.0,
        "System.Description": "Membership and Rewards Program",
        "System.AssignedTo": null,
        "Microsoft.VSTS.Scheduling.RemainingWork": 0.0,
        "Microsoft.VSTS.Common.Priority": 2.0,
        "System.BoardLane": null,
        "System.Tags": null,
        "Microsoft.VSTS.TCM.Steps": null,
        "Microsoft.VSTS.TCM.Parameters": null,
        "Microsoft.VSTS.TCM.LocalDataSource": null,
        "Microsoft.VSTS.TCM.AutomationStatus": null,
        "System.History": null
      },
      "relations": [
        {
          "rel": "System.LinkTypes.Hierarchy-Forward",
          "url": "https://dev.azure.com/sndevops-lab/_apis/wit/workItems/197",
          "attributes": {
            "isLocked": "false",
            "comment": "Making a new link for the dependency",
            "name": "Child"
          }
        },
        {
          "rel": "System.LinkTypes.Hierarchy-Forward",
          "url": "https://dev.azure.com/sndevops-lab/_apis/wit/workItems/198",
          "attributes": {
            "isLocked": "false",
            "comment": "Making a new link for the dependency",
            "name": "Child"
          }
        }
      ],
      "url": "https://dev.azure.com/sndevops-lab/_apis/wit/workItems/170"
    },
    {
      "id": 171,
      "rev": 1,
      "fields": {
        "System.AreaPath": "PartsUnlimited-Lab",
        "System.TeamProject": "PartsUnlimited-Lab",
        "System.IterationPath": "PartsUnlimited-Lab",
        "System.WorkItemType": "Epic",
        "System.State": "New",
        "System.Reason": "New epic",
        "System.CreatedDate": "2023-01-23T16:05:39.753Z",
        "System.CreatedBy": "Julian Schobert <julian.schobert@servicenow.com>",
        "System.ChangedDate": "2023-01-23T16:05:39.753Z",
        "System.ChangedBy": "Julian Schobert <julian.schobert@servicenow.com>",
        "System.Title": "Notification",
        "Microsoft.VSTS.Scheduling.Effort": 0.0,
        "System.Description": "Notification",
        "System.AssignedTo": null,
        "Microsoft.VSTS.Scheduling.RemainingWork": 0.0,
        "Microsoft.VSTS.Common.Priority": 2.0,
        "System.BoardLane": null,
        "System.Tags": null,
        "Microsoft.VSTS.TCM.Steps": null,
        "Microsoft.VSTS.TCM.Parameters": null,
        "Microsoft.VSTS.TCM.LocalDataSource": null,
        "Microsoft.VSTS.TCM.AutomationStatus": null,
        "System.History": null
      },
      "relations": [
        {
          "rel": "System.LinkTypes.Hierarchy-Forward",
          "url": "https://dev.azure.com/sndevops-lab/_apis/wit/workItems/189",
          "attributes": {
            "isLocked": "false",
            "comment": "Making a new link for the dependency",
            "name": "Child"
          }
        }
      ],
      "url": "https://dev.azure.com/sndevops-lab/_apis/wit/workItems/171"
    },
    {
      "id": 172,
      "rev": 1,
      "fields": {
        "System.AreaPath": "PartsUnlimited-Lab",
        "System.TeamProject": "PartsUnlimited-Lab",
        "System.IterationPath": "PartsUnlimited-Lab",
        "System.WorkItemType": "Epic",
        "System.State": "New",
        "System.Reason": "New epic",
        "System.CreatedDate": "2023-01-23T16:05:40Z",
        "System.CreatedBy": "Julian Schobert <julian.schobert@servicenow.com>",
        "System.ChangedDate": "2023-01-23T16:05:40Z",
        "System.ChangedBy": "Julian Schobert <julian.schobert@servicenow.com>",
        "System.Title": "Promotion and Rewards",
        "Microsoft.VSTS.Scheduling.Effort": 0.0,
        "System.Description": "Promotion and Rewards",
        "System.AssignedTo": null,
        "Microsoft.VSTS.Scheduling.RemainingWork": 0.0,
        "Microsoft.VSTS.Common.Priority": 2.0,
        "System.BoardLane": null,
        "System.Tags": null,
        "Microsoft.VSTS.TCM.Steps": null,
        "Microsoft.VSTS.TCM.Parameters": null,
        "Microsoft.VSTS.TCM.LocalDataSource": null,
        "Microsoft.VSTS.TCM.AutomationStatus": null,
        "System.History": null
      },
      "relations": [
        {
          "rel": "System.LinkTypes.Hierarchy-Forward",
          "url": "https://dev.azure.com/sndevops-lab/_apis/wit/workItems/183",
          "attributes": {
            "isLocked": "false",
            "comment": "Making a new link for the dependency",
            "name": "Child"
          }
        },
        {
          "rel": "System.LinkTypes.Hierarchy-Forward",
          "url": "https://dev.azure.com/sndevops-lab/_apis/wit/workItems/186",
          "attributes": {
            "isLocked": "false",
            "comment": "Making a new link for the dependency",
            "name": "Child"
          }
        }
      ],
      "url": "https://dev.azure.com/sndevops-lab/_apis/wit/workItems/172"
    },
    {
      "id": 173,
      "rev": 1,
      "fields": {
        "System.AreaPath": "PartsUnlimited-Lab",
        "System.TeamProject": "PartsUnlimited-Lab",
        "System.IterationPath": "PartsUnlimited-Lab",
        "System.WorkItemType": "Epic",
        "System.State": "New",
        "System.Reason": "New epic",
        "System.CreatedDate": "2023-01-23T16:05:40.307Z",
        "System.CreatedBy": "Julian Schobert <julian.schobert@servicenow.com>",
        "System.ChangedDate": "2023-01-23T16:05:40.307Z",
        "System.ChangedBy": "Julian Schobert <julian.schobert@servicenow.com>",
        "System.Title": "Product reviews and ratings",
        "Microsoft.VSTS.Scheduling.Effort": 0.0,
        "System.Description": "Product reviews and ratings",
        "System.AssignedTo": null,
        "Microsoft.VSTS.Scheduling.RemainingWork": 0.0,
        "Microsoft.VSTS.Common.Priority": 2.0,
        "System.BoardLane": null,
        "System.Tags": null,
        "Microsoft.VSTS.TCM.Steps": null,
        "Microsoft.VSTS.TCM.Parameters": null,
        "Microsoft.VSTS.TCM.LocalDataSource": null,
        "Microsoft.VSTS.TCM.AutomationStatus": null,
        "System.History": null
      },
      "relations": [
        {
          "rel": "System.LinkTypes.Hierarchy-Forward",
          "url": "https://dev.azure.com/sndevops-lab/_apis/wit/workItems/195",
          "attributes": {
            "isLocked": "false",
            "comment": "Making a new link for the dependency",
            "name": "Child"
          }
        },
        {
          "rel": "System.LinkTypes.Hierarchy-Forward",
          "url": "https://dev.azure.com/sndevops-lab/_apis/wit/workItems/196",
          "attributes": {
            "isLocked": "false",
            "comment": "Making a new link for the dependency",
            "name": "Child"
          }
        }
      ],
      "url": "https://dev.azure.com/sndevops-lab/_apis/wit/workItems/173"
    },
    {
      "id": 174,
      "rev": 1,
      "fields": {
        "System.AreaPath": "PartsUnlimited-Lab",
        "System.TeamProject": "PartsUnlimited-Lab",
        "System.IterationPath": "PartsUnlimited-Lab",
        "System.WorkItemType": "Epic",
        "System.State": "New",
        "System.Reason": "New epic",
        "System.CreatedDate": "2023-01-23T16:05:40.553Z",
        "System.CreatedBy": "Julian Schobert <julian.schobert@servicenow.com>",
        "System.ChangedDate": "2023-01-23T16:05:40.553Z",
        "System.ChangedBy": "Julian Schobert <julian.schobert@servicenow.com>",
        "System.Title": "Online tracking of shipments",
        "Microsoft.VSTS.Scheduling.Effort": 0.0,
        "System.Description": "Online tracking of shipments",
        "System.AssignedTo": null,
        "Microsoft.VSTS.Scheduling.RemainingWork": 0.0,
        "Microsoft.VSTS.Common.Priority": 2.0,
        "System.BoardLane": null,
        "System.Tags": null,
        "Microsoft.VSTS.TCM.Steps": null,
        "Microsoft.VSTS.TCM.Parameters": null,
        "Microsoft.VSTS.TCM.LocalDataSource": null,
        "Microsoft.VSTS.TCM.AutomationStatus": null,
        "System.History": null
      },
      "relations": [
        {
          "rel": "System.LinkTypes.Hierarchy-Forward",
          "url": "https://dev.azure.com/sndevops-lab/_apis/wit/workItems/190",
          "attributes": {
            "isLocked": "false",
            "comment": "Making a new link for the dependency",
            "name": "Child"
          }
        },
        {
          "rel": "System.LinkTypes.Hierarchy-Forward",
          "url": "https://dev.azure.com/sndevops-lab/_apis/wit/workItems/193",
          "attributes": {
            "isLocked": "false",
            "comment": "Making a new link for the dependency",
            "name": "Child"
          }
        }
      ],
      "url": "https://dev.azure.com/sndevops-lab/_apis/wit/workItems/174"
    },
    {
      "id": 175,
      "rev": 1,
      "fields": {
        "System.AreaPath": "PartsUnlimited-Lab",
        "System.TeamProject": "PartsUnlimited-Lab",
        "System.IterationPath": "PartsUnlimited-Lab",
        "System.WorkItemType": "Epic",
        "System.State": "New",
        "System.Reason": "New epic",
        "System.CreatedDate": "2023-01-23T16:05:40.863Z",
        "System.CreatedBy": "Julian Schobert <julian.schobert@servicenow.com>",
        "System.ChangedDate": "2023-01-23T16:05:40.863Z",
        "System.ChangedBy": "Julian Schobert <julian.schobert@servicenow.com>",
        "System.Title": "Shopping Cart Facility",
        "Microsoft.VSTS.Scheduling.Effort": 0.0,
        "System.Description": "Shopping Cart Facility",
        "System.AssignedTo": null,
        "Microsoft.VSTS.Scheduling.RemainingWork": 0.0,
        "Microsoft.VSTS.Common.Priority": 2.0,
        "System.BoardLane": null,
        "System.Tags": null,
        "Microsoft.VSTS.TCM.Steps": null,
        "Microsoft.VSTS.TCM.Parameters": null,
        "Microsoft.VSTS.TCM.LocalDataSource": null,
        "Microsoft.VSTS.TCM.AutomationStatus": null,
        "System.History": null
      },
      "relations": [
        {
          "rel": "System.LinkTypes.Hierarchy-Forward",
          "url": "https://dev.azure.com/sndevops-lab/_apis/wit/workItems/191",
          "attributes": {
            "isLocked": "false",
            "comment": "Making a new link for the dependency",
            "name": "Child"
          }
        },
        {
          "rel": "System.LinkTypes.Hierarchy-Forward",
          "url": "https://dev.azure.com/sndevops-lab/_apis/wit/workItems/187",
          "attributes": {
            "isLocked": "false",
            "comment": "Making a new link for the dependency",
            "name": "Child"
          }
        },
        {
          "rel": "System.LinkTypes.Hierarchy-Forward",
          "url": "https://dev.azure.com/sndevops-lab/_apis/wit/workItems/194",
          "attributes": {
            "isLocked": "false",
            "comment": "Making a new link for the dependency",
            "name": "Child"
          }
        },
        {
          "rel": "System.LinkTypes.Hierarchy-Forward",
          "url": "https://dev.azure.com/sndevops-lab/_apis/wit/workItems/192",
          "attributes": {
            "isLocked": "false",
            "comment": "Making a new link for the dependency",
            "name": "Child"
          }
        }
      ],
      "url": "https://dev.azure.com/sndevops-lab/_apis/wit/workItems/175"
    },
    {
      "id": 176,
      "rev": 1,
      "fields": {
        "System.AreaPath": "PartsUnlimited-Lab",
        "System.TeamProject": "PartsUnlimited-Lab",
        "System.IterationPath": "PartsUnlimited-Lab",
        "System.WorkItemType": "Epic",
        "System.State": "New",
        "System.Reason": "New epic",
        "System.CreatedDate": "2023-01-23T16:05:41.107Z",
        "System.CreatedBy": "Julian Schobert <julian.schobert@servicenow.com>",
        "System.ChangedDate": "2023-01-23T16:05:41.107Z",
        "System.ChangedBy": "Julian Schobert <julian.schobert@servicenow.com>",
        "System.Title": "As marketer, I want to run an A|B test on alternative Web Sites using Application Insights.",
        "Microsoft.VSTS.Scheduling.Effort": 0.0,
        "System.Description": "As marketer, I want to run an A|B test on alternative Web Sites using Application Insights.",
        "System.AssignedTo": null,
        "Microsoft.VSTS.Scheduling.RemainingWork": 0.0,
        "Microsoft.VSTS.Common.Priority": 2.0,
        "System.BoardLane": null,
        "System.Tags": null,
        "Microsoft.VSTS.TCM.Steps": null,
        "Microsoft.VSTS.TCM.Parameters": null,
        "Microsoft.VSTS.TCM.LocalDataSource": null,
        "Microsoft.VSTS.TCM.AutomationStatus": null,
        "System.History": null
      },
      "relations": [
        {
          "rel": "System.LinkTypes.Hierarchy-Forward",
          "url": "https://dev.azure.com/sndevops-lab/_apis/wit/workItems/188",
          "attributes": {
            "isLocked": "false",
            "comment": "Making a new link for the dependency",
            "name": "Child"
          }
        }
      ],
      "url": "https://dev.azure.com/sndevops-lab/_apis/wit/workItems/176"
    }
  ],
  "HttpStatusCode": 0,
  "Message": null
}