{
  "count": 22,
  "value": [
    {
      "id": 177,
      "rev": 1,
      "fields": {
        "System.AreaPath": "PartsUnlimited-Lab",
        "System.TeamProject": "PartsUnlimited-Lab",
        "System.IterationPath": "$ProjectName$\\Sprint 1",
        "System.WorkItemType": "Feature",
        "System.State": "Done",
        "System.Reason": "Work finished",
        "System.CreatedDate": "2023-01-23T16:05:41.45Z",
        "System.CreatedBy": "Julian Schobert <julian.schobert@servicenow.com>",
        "System.ChangedDate": "2023-01-23T16:05:41.45Z",
        "System.ChangedBy": "Julian Schobert <julian.schobert@servicenow.com>",
        "System.Title": "As a marketeer i want our website to be performant and available around the world",
        "Microsoft.VSTS.Scheduling.Effort": 0.0,
        "System.Description": "As a marketeer i want our website to be performant and available around the world",
        "System.AssignedTo": "craig109@outlook.com",
        "Microsoft.VSTS.Scheduling.RemainingWork": 0.0,
        "Microsoft.VSTS.Common.Priority": 2.0,
        "System.BoardLane": null,
        "System.Tags": null,
        "Microsoft.VSTS.TCM.Steps": null,
        "Microsoft.VSTS.TCM.Parameters": null,
        "Microsoft.VSTS.TCM.LocalDataSource": null,
        "Microsoft.VSTS.TCM.AutomationStatus": null,
        "System.History": null
      },
      "relations": null,
      "url": "https://dev.azure.com/sndevops-lab/_apis/wit/workItems/177"
    },
    {
      "id": 178,
      "rev": 1,
      "fields": {
        "System.AreaPath": "PartsUnlimited-Lab",
        "System.TeamProject": "PartsUnlimited-Lab",
        "System.IterationPath": "$ProjectName$\\Sprint 1",
        "System.WorkItemType": "Feature",
        "System.State": "Done",
        "System.Reason": "Work finished",
        "System.CreatedDate": "2023-01-23T16:05:42.177Z",
        "System.CreatedBy": "Julian Schobert <julian.schobert@servicenow.com>",
        "System.ChangedDate": "2023-01-23T16:05:42.177Z",
        "System.ChangedBy": "Julian Schobert <julian.schobert@servicenow.com>",
        "System.Title": "As a business owner, I would like to know how much our historical spend is to help project future spend for budgeting + financials.",
        "Microsoft.VSTS.Scheduling.Effort": 0.0,
        "System.Description": "As a business owner, I would like to know how much our historical spend is to help project future spend for budgeting + financials.",
        "System.AssignedTo": "ckelly109@outlook.com",
        "Microsoft.VSTS.Scheduling.RemainingWork": 0.0,
        "Microsoft.VSTS.Common.Priority": 2.0,
        "System.BoardLane": null,
        "System.Tags": null,
        "Microsoft.VSTS.TCM.Steps": null,
        "Microsoft.VSTS.TCM.Parameters": null,
        "Microsoft.VSTS.TCM.LocalDataSource": null,
        "Microsoft.VSTS.TCM.AutomationStatus": null,
        "System.History": null
      },
      "relations": null,
      "url": "https://dev.azure.com/sndevops-lab/_apis/wit/workItems/178"
    },
    {
      "id": 179,
      "rev": 1,
      "fields": {
        "System.AreaPath": "PartsUnlimited-Lab",
        "System.TeamProject": "PartsUnlimited-Lab",
        "System.IterationPath": "$ProjectName$\\Sprint 1",
        "System.WorkItemType": "Feature",
        "System.State": "Done",
        "System.Reason": "Work finished",
        "System.CreatedDate": "2023-01-23T16:05:42.897Z",
        "System.CreatedBy": "Julian Schobert <julian.schobert@servicenow.com>",
        "System.ChangedDate": "2023-01-23T16:05:42.897Z",
        "System.ChangedBy": "Julian Schobert <julian.schobert@servicenow.com>",
        "System.Title": "As an Ops guy, I want to ensure that the legacy MRP system configuration is consistent.",
        "Microsoft.VSTS.Scheduling.Effort": 0.0,
        "System.Description": "As an Ops guy, I want to ensure that the legacy MRP system configuration is consistent.",
        "System.AssignedTo": "nmunger109@outlook.com",
        "Microsoft.VSTS.Scheduling.RemainingWork": 0.0,
        "Microsoft.VSTS.Common.Priority": 2.0,
        "System.BoardLane": null,
        "System.Tags": null,
        "Microsoft.VSTS.TCM.Steps": null,
        "Microsoft.VSTS.TCM.Parameters": null,
        "Microsoft.VSTS.TCM.LocalDataSource": null,
        "Microsoft.VSTS.TCM.AutomationStatus": null,
        "System.History": null
      },
      "relations": null,
      "url": "https://dev.azure.com/sndevops-lab/_apis/wit/workItems/179"
    },
    {
      "id": 180,
      "rev": 1,
      "fields": {
        "System.AreaPath": "PartsUnlimited-Lab",
        "System.TeamProject": "PartsUnlimited-Lab",
        "System.IterationPath": "$ProjectName$\\Sprint 1",
        "System.WorkItemType": "Feature",
        "System.State": "Done",
        "System.Reason": "Work finished",
        "System.CreatedDate": "2023-01-23T16:05:43.133Z",
        "System.CreatedBy": "Julian Schobert <julian.schobert@servicenow.com>",
        "System.ChangedDate": "2023-01-23T16:05:43.133Z",
        "System.ChangedBy": "Julian Schobert <julian.schobert@servicenow.com>",
        "System.Title": "Ops needs the ability to quickly roll back to a known good state in the event of a critical problem in production.",
        "Microsoft.VSTS.Scheduling.Effort": 0.0,
        "System.Description": "Ops needs the ability to quickly roll back to a known good state in the event of a critical problem in production.",
        "System.AssignedTo": "ckelly109@outlook.com",
        "Microsoft.VSTS.Scheduling.RemainingWork": 0.0,
        "Microsoft.VSTS.Common.Priority": 2.0,
        "System.BoardLane": null,
        "System.Tags": null,
        "Microsoft.VSTS.TCM.Steps": null,
        "Microsoft.VSTS.TCM.Parameters": null,
        "Microsoft.VSTS.TCM.LocalDataSource": null,
        "Microsoft.VSTS.TCM.AutomationStatus": null,
        "System.History": null
      },
      "relations": null,
      "url": "https://dev.azure.com/sndevops-lab/_apis/wit/workItems/180"
    },
    {
      "id": 181,
      "rev": 1,
      "fields": {
        "System.AreaPath": "PartsUnlimited-Lab",
        "System.TeamProject": "PartsUnlimited-Lab",
        "System.IterationPath": "PartsUnlimited-Lab",
        "System.WorkItemType": "Feature",
        "System.State": "New",
        "System.Reason": "New feature",
        "System.CreatedDate": "2023-01-23T16:05:43.37Z",
        "System.CreatedBy": "Julian Schobert <julian.schobert@servicenow.com>",
        "System.ChangedDate": "2023-01-23T16:05:43.37Z",
        "System.ChangedBy": "Julian Schobert <julian.schobert@servicenow.com>",
        "System.Title": "Credit Card Purchase",
        "Microsoft.VSTS.Scheduling.Effort": 0.0,
        "System.Description": "Credit Card Purchase",
        "System.AssignedTo": null,
        "Microsoft.VSTS.Scheduling.RemainingWork": 0.0,
        "Microsoft.VSTS.Common.Priority": 2.0,
        "System.BoardLane": null,
        "System.Tags": null,
        "Microsoft.VSTS.TCM.Steps": null,
        "Microsoft.VSTS.TCM.Parameters": null,
        "Microsoft.VSTS.TCM.LocalDataSource": null,
        "Microsoft.VSTS.TCM.AutomationStatus": null,
        "System.History": null
      },
      "relations": [
        {
          "rel": "System.LinkTypes.Hierarchy-Reverse",
          "url": "https://dev.azure.com/sndevops-lab/_apis/wit/workItems/167",
          "attributes": {
            "isLocked": "false",
            "comment": "Making a new link for the dependency",
            "name": "Parent"
          }
        }
      ],
      "url": "https://dev.azure.com/sndevops-lab/_apis/wit/workItems/181"
    },
    {
      "id": 182,
      "rev": 1,
      "fields": {
        "System.AreaPath": "PartsUnlimited-Lab",
        "System.TeamProject": "PartsUnlimited-Lab",
        "System.IterationPath": "PartsUnlimited-Lab",
        "System.WorkItemType": "Feature",
        "System.State": "New",
        "System.Reason": "New feature",
        "System.CreatedDate": "2023-01-23T16:05:43.613Z",
        "System.CreatedBy": "Julian Schobert <julian.schobert@servicenow.com>",
        "System.ChangedDate": "2023-01-23T16:05:43.613Z",
        "System.ChangedBy": "Julian Schobert <julian.schobert@servicenow.com>",
        "System.Title": "Product catalog changes",
        "Microsoft.VSTS.Scheduling.Effort": 0.0,
        "System.Description": "Product catalog changes",
        "System.AssignedTo": null,
        "Microsoft.VSTS.Scheduling.RemainingWork": 0.0,
        "Microsoft.VSTS.Common.Priority": 2.0,
        "System.BoardLane": null,
        "System.Tags": null,
        "Microsoft.VSTS.TCM.Steps": null,
        "Microsoft.VSTS.TCM.Parameters": null,
        "Microsoft.VSTS.TCM.LocalDataSource": null,
        "Microsoft.VSTS.TCM.AutomationStatus": null,
        "System.History": null
      },
      "relations": [
        {
          "rel": "System.LinkTypes.Hierarchy-Reverse",
          "url": "https://dev.azure.com/sndevops-lab/_apis/wit/workItems/168",
          "attributes": {
            "isLocked": "false",
            "comment": "Making a new link for the dependency",
            "name": "Parent"
          }
        }
      ],
      "url": "https://dev.azure.com/sndevops-lab/_apis/wit/workItems/182"
    },
    {
      "id": 183,
      "rev": 1,
      "fields": {
        "System.AreaPath": "PartsUnlimited-Lab",
        "System.TeamProject": "PartsUnlimited-Lab",
        "System.IterationPath": "PartsUnlimited-Lab",
        "System.WorkItemType": "Feature",
        "System.State": "New",
        "System.Reason": "New feature",
        "System.CreatedDate": "2023-01-23T16:05:43.913Z",
        "System.CreatedBy": "Julian Schobert <julian.schobert@servicenow.com>",
        "System.ChangedDate": "2023-01-23T16:05:43.913Z",
        "System.ChangedBy": "Julian Schobert <julian.schobert@servicenow.com>",
        "System.Title": "Product Recommendations",
        "Microsoft.VSTS.Scheduling.Effort": 0.0,
        "System.Description": "Product Recommendations",
        "System.AssignedTo": null,
        "Microsoft.VSTS.Scheduling.RemainingWork": 0.0,
        "Microsoft.VSTS.Common.Priority": 2.0,
        "System.BoardLane": null,
        "System.Tags": null,
        "Microsoft.VSTS.TCM.Steps": null,
        "Microsoft.VSTS.TCM.Parameters": null,
        "Microsoft.VSTS.TCM.LocalDataSource": null,
        "Microsoft.VSTS.TCM.AutomationStatus": null,
        "System.History": null
      },
      "relations": [
        {
          "rel": "System.LinkTypes.Hierarchy-Reverse",
          "url": "https://dev.azure.com/sndevops-lab/_apis/wit/workItems/172",
          "attributes": {
            "isLocked": "false",
            "comment": "Making a new link for the dependency",
            "name": "Parent"
          }
        }
      ],
      "url": "https://dev.azure.com/sndevops-lab/_apis/wit/workItems/183"
    },
    {
      "id": 184,
      "rev": 1,
      "fields": {
        "System.AreaPath": "PartsUnlimited-Lab",
        "System.TeamProject": "PartsUnlimited-Lab",
        "System.IterationPath": "PartsUnlimited-Lab",
        "System.WorkItemType": "Feature",
        "System.State": "New",
        "System.Reason": "New feature",
        "System.CreatedDate": "2023-01-23T16:05:44.15Z",
        "System.CreatedBy": "Julian Schobert <julian.schobert@servicenow.com>",
        "System.ChangedDate": "2023-01-23T16:05:44.15Z",
        "System.ChangedBy": "Julian Schobert <julian.schobert@servicenow.com>",
        "System.Title": "Ask for customer feedback",
        "Microsoft.VSTS.Scheduling.Effort": 0.0,
        "System.Description": "Ask for customer feedback",
        "System.AssignedTo": null,
        "Microsoft.VSTS.Scheduling.RemainingWork": 0.0,
        "Microsoft.VSTS.Common.Priority": 2.0,
        "System.BoardLane": null,
        "System.Tags": null,
        "Microsoft.VSTS.TCM.Steps": null,
        "Microsoft.VSTS.TCM.Parameters": null,
        "Microsoft.VSTS.TCM.LocalDataSource": null,
        "Microsoft.VSTS.TCM.AutomationStatus": null,
        "System.History": null
      },
      "relations": [
        {
          "rel": "System.LinkTypes.Hierarchy-Reverse",
          "url": "https://dev.azure.com/sndevops-lab/_apis/wit/workItems/169",
          "attributes": {
            "isLocked": "false",
            "comment": "Making a new link for the dependency",
            "name": "Parent"
          }
        }
      ],
      "url": "https://dev.azure.com/sndevops-lab/_apis/wit/workItems/184"
    },
    {
      "id": 185,
      "rev": 1,
      "fields": {
        "System.AreaPath": "PartsUnlimited-Lab",
        "System.TeamProject": "PartsUnlimited-Lab",
        "System.IterationPath": "PartsUnlimited-Lab",
        "System.WorkItemType": "Feature",
        "System.State": "New",
        "System.Reason": "New feature",
        "System.CreatedDate": "2023-01-23T16:05:44.387Z",
        "System.CreatedBy": "Julian Schobert <julian.schobert@servicenow.com>",
        "System.ChangedDate": "2023-01-23T16:05:44.387Z",
        "System.ChangedBy": "Julian Schobert <julian.schobert@servicenow.com>",
        "System.Title": "Customer issues",
        "Microsoft.VSTS.Scheduling.Effort": 0.0,
        "System.Description": "Customer issues",
        "System.AssignedTo": null,
        "Microsoft.VSTS.Scheduling.RemainingWork": 0.0,
        "Microsoft.VSTS.Common.Priority": 2.0,
        "System.BoardLane": null,
        "System.Tags": null,
        "Microsoft.VSTS.TCM.Steps": null,
        "Microsoft.VSTS.TCM.Parameters": null,
        "Microsoft.VSTS.TCM.LocalDataSource": null,
        "Microsoft.VSTS.TCM.AutomationStatus": null,
        "System.History": null
      },
      "relations": [
        {
          "rel": "System.LinkTypes.Hierarchy-Reverse",
          "url": "https://dev.azure.com/sndevops-lab/_apis/wit/workItems/169",
          "attributes": {
            "isLocked": "false",
            "comment": "Making a new link for the dependency",
            "name": "Parent"
          }
        }
      ],
      "url": "https://dev.azure.com/sndevops-lab/_apis/wit/workItems/185"
    },
    {
      "id": 186,
      "rev": 1,
      "fields": {
        "System.AreaPath": "PartsUnlimited-Lab",
        "System.TeamProject": "PartsUnlimited-Lab",
        "System.IterationPath": "PartsUnlimited-Lab",
        "System.WorkItemType": "Feature",
        "System.State": "New",
        "System.Reason": "New feature",
        "System.CreatedDate": "2023-01-23T16:05:44.617Z",
        "System.CreatedBy": "Julian Schobert <julian.schobert@servicenow.com>",
        "System.ChangedDate": "2023-01-23T16:05:44.617Z",
        "System.ChangedBy": "Julian Schobert <julian.schobert@servicenow.com>",
        "System.Title": "Ad-hoc promotions",
        "Microsoft.VSTS.Scheduling.Effort": 0.0,
        "System.Description": "Ad-hoc promotions",
        "System.AssignedTo": null,
        "Microsoft.VSTS.Scheduling.RemainingWork": 0.0,
        "Microsoft.VSTS.Common.Priority": 2.0,
        "System.BoardLane": null,
        "System.Tags": null,
        "Microsoft.VSTS.TCM.Steps": null,
        "Microsoft.VSTS.TCM.Parameters": null,
        "Microsoft.VSTS.TCM.LocalDataSource": null,
        "Microsoft.VSTS.TCM.AutomationStatus": null,
        "System.History": null
      },
      "relations": [
        {
          "rel": "System.LinkTypes.Hierarchy-Reverse",
          "url": "https://dev.azure.com/sndevops-lab/_apis/wit/workItems/172",
          "attributes": {
            "isLocked": "false",
            "comment": "Making a new link for the dependency",
            "name": "Parent"
          }
        }
      ],
      "url": "https://dev.azure.com/sndevops-lab/_apis/wit/workItems/186"
    },
    {
      "id": 187,
      "rev": 1,
      "fields": {
        "System.AreaPath": "PartsUnlimited-Lab",
        "System.TeamProject": "PartsUnlimited-Lab",
        "System.IterationPath": "PartsUnlimited-Lab",
        "System.WorkItemType": "Feature",
        "System.State": "New",
        "System.Reason": "New feature",
        "System.CreatedDate": "2023-01-23T16:05:44.857Z",
        "System.CreatedBy": "Julian Schobert <julian.schobert@servicenow.com>",
        "System.ChangedDate": "2023-01-23T16:05:44.857Z",
        "System.ChangedBy": "Julian Schobert <julian.schobert@servicenow.com>",
        "System.Title": "Gift Options",
        "Microsoft.VSTS.Scheduling.Effort": 0.0,
        "System.Description": "Gift Options",
        "System.AssignedTo": null,
        "Microsoft.VSTS.Scheduling.RemainingWork": 0.0,
        "Microsoft.VSTS.Common.Priority": 2.0,
        "System.BoardLane": null,
        "System.Tags": null,
        "Microsoft.VSTS.TCM.Steps": null,
        "Microsoft.VSTS.TCM.Parameters": null,
        "Microsoft.VSTS.TCM.LocalDataSource": null,
        "Microsoft.VSTS.TCM.AutomationStatus": null,
        "System.History": null
      },
      "relations": [
        {
          "rel": "System.LinkTypes.Hierarchy-Reverse",
          "url": "https://dev.azure.com/sndevops-lab/_apis/wit/workItems/175",
          "attributes": {
            "isLocked": "false",
            "comment": "Making a new link for the dependency",
            "name": "Parent"
          }
        }
      ],
      "url": "https://dev.azure.com/sndevops-lab/_apis/wit/workItems/187"
    },
    {
      "id": 188,
      "rev": 1,
      "fields": {
        "System.AreaPath": "PartsUnlimited-Lab",
        "System.TeamProject": "PartsUnlimited-Lab",
        "System.IterationPath": "$ProjectName$\\Sprint 1",
        "System.WorkItemType": "Feature",
        "System.State": "New",
        "System.Reason": "New feature",
        "System.CreatedDate": "2023-01-23T16:05:45.117Z",
        "System.CreatedBy": "Julian Schobert <julian.schobert@servicenow.com>",
        "System.ChangedDate": "2023-01-23T16:05:45.117Z",
        "System.ChangedBy": "Julian Schobert <julian.schobert@servicenow.com>",
        "System.Title": "As marketeer, I want us to reuse the web assets for apps on Android and iOS with corporate branding, and I will want to be able to update the device apps with every marketing promotion. That will mean using Cordova.",
        "Microsoft.VSTS.Scheduling.Effort": 0.0,
        "System.Description": "As marketeer, I want us to reuse the web assets for apps on Android and iOS with corporate branding, and I will want to be able to update the device apps with every marketing promotion. That will mean using Cordova.",
        "System.AssignedTo": null,
        "Microsoft.VSTS.Scheduling.RemainingWork": 0.0,
        "Microsoft.VSTS.Common.Priority": 2.0,
        "System.BoardLane": null,
        "System.Tags": null,
        "Microsoft.VSTS.TCM.Steps": null,
        "Microsoft.VSTS.TCM.Parameters": null,
        "Microsoft.VSTS.TCM.LocalDataSource": null,
        "Microsoft.VSTS.TCM.AutomationStatus": null,
        "System.History": null
      },
      "relations": [
        {
          "rel": "System.LinkTypes.Hierarchy-Reverse",
          "url": "https://dev.azure.com/sndevops-lab/_apis/wit/workItems/176",
          "attributes": {
            "isLocked": "false",
            "comment": "Making a new link for the dependency",
            "name": "Parent"
          }
        }
      ],
      "url": "https://dev.azure.com/sndevops-lab/_apis/wit/workItems/188"
    },
    {
      "id": 189,
      "rev": 1,
      "fields": {
        "System.AreaPath": "PartsUnlimited-Lab",
        "System.TeamProject": "PartsUnlimited-Lab",
        "System.IterationPath": "PartsUnlimited-Lab",
        "System.WorkItemType": "Feature",
        "System.State": "New",
        "System.Reason": "New feature",
        "System.CreatedDate": "2023-01-23T16:05:45.373Z",
        "System.CreatedBy": "Julian Schobert <julian.schobert@servicenow.com>",
        "System.ChangedDate": "2023-01-23T16:05:45.373Z",
        "System.ChangedBy": "Julian Schobert <julian.schobert@servicenow.com>",
        "System.Title": "Customer notification",
        "Microsoft.VSTS.Scheduling.Effort": 0.0,
        "System.Description": "Customer notification",
        "System.AssignedTo": null,
        "Microsoft.VSTS.Scheduling.RemainingWork": 0.0,
        "Microsoft.VSTS.Common.Priority": 2.0,
        "System.BoardLane": null,
        "System.Tags": null,
        "Microsoft.VSTS.TCM.Steps": null,
        "Microsoft.VSTS.TCM.Parameters": null,
        "Microsoft.VSTS.TCM.LocalDataSource": null,
        "Microsoft.VSTS.TCM.AutomationStatus": null,
        "System.History": null
      },
      "relations": [
        {
          "rel": "System.LinkTypes.Hierarchy-Reverse",
          "url": "https://dev.azure.com/sndevops-lab/_apis/wit/workItems/171",
          "attributes": {
            "isLocked": "false",
            "comment": "Making a new link for the dependency",
            "name": "Parent"
          }
        }
      ],
      "url": "https://dev.azure.com/sndevops-lab/_apis/wit/workItems/189"
    },
    {
      "id": 190,
      "rev": 1,
      "fields": {
        "System.AreaPath": "PartsUnlimited-Lab",
        "System.TeamProject": "PartsUnlimited-Lab",
        "System.IterationPath": "PartsUnlimited-Lab",
        "System.WorkItemType": "Feature",
        "System.State": "New",
        "System.Reason": "New feature",
        "System.CreatedDate": "2023-01-23T16:05:45.617Z",
        "System.CreatedBy": "Julian Schobert <julian.schobert@servicenow.com>",
        "System.ChangedDate": "2023-01-23T16:05:45.617Z",
        "System.ChangedBy": "Julian Schobert <julian.schobert@servicenow.com>",
        "System.Title": "Delivery confirmation",
        "Microsoft.VSTS.Scheduling.Effort": 0.0,
        "System.Description": "Delivery confirmation",
        "System.AssignedTo": null,
        "Microsoft.VSTS.Scheduling.RemainingWork": 0.0,
        "Microsoft.VSTS.Common.Priority": 2.0,
        "System.BoardLane": null,
        "System.Tags": null,
        "Microsoft.VSTS.TCM.Steps": null,
        "Microsoft.VSTS.TCM.Parameters": null,
        "Microsoft.VSTS.TCM.LocalDataSource": null,
        "Microsoft.VSTS.TCM.AutomationStatus": null,
        "System.History": null
      },
      "relations": [
        {
          "rel": "System.LinkTypes.Hierarchy-Reverse",
          "url": "https://dev.azure.com/sndevops-lab/_apis/wit/workItems/174",
          "attributes": {
            "isLocked": "false",
            "comment": "Making a new link for the dependency",
            "name": "Parent"
          }
        }
      ],
      "url": "https://dev.azure.com/sndevops-lab/_apis/wit/workItems/190"
    },
    {
      "id": 191,
      "rev": 1,
      "fields": {
        "System.AreaPath": "PartsUnlimited-Lab",
        "System.TeamProject": "PartsUnlimited-Lab",
        "System.IterationPath": "PartsUnlimited-Lab",
        "System.WorkItemType": "Feature",
        "System.State": "New",
        "System.Reason": "New feature",
        "System.CreatedDate": "2023-01-23T16:05:45.847Z",
        "System.CreatedBy": "Julian Schobert <julian.schobert@servicenow.com>",
        "System.ChangedDate": "2023-01-23T16:05:45.847Z",
        "System.ChangedBy": "Julian Schobert <julian.schobert@servicenow.com>",
        "System.Title": "Order confirmation",
        "Microsoft.VSTS.Scheduling.Effort": 0.0,
        "System.Description": "Order confirmation",
        "System.AssignedTo": null,
        "Microsoft.VSTS.Scheduling.RemainingWork": 0.0,
        "Microsoft.VSTS.Common.Priority": 2.0,
        "System.BoardLane": null,
        "System.Tags": null,
        "Microsoft.VSTS.TCM.Steps": null,
        "Microsoft.VSTS.TCM.Parameters": null,
        "Microsoft.VSTS.TCM.LocalDataSource": null,
        "Microsoft.VSTS.TCM.AutomationStatus": null,
        "System.History": null
      },
      "relations": [
        {
          "rel": "System.LinkTypes.Hierarchy-Reverse",
          "url": "https://dev.azure.com/sndevops-lab/_apis/wit/workItems/175",
          "attributes": {
            "isLocked": "false",
            "comment": "Making a new link for the dependency",
            "name": "Parent"
          }
        }
      ],
      "url": "https://dev.azure.com/sndevops-lab/_apis/wit/workItems/191"
    },
    {
      "id": 192,
      "rev": 1,
      "fields": {
        "System.AreaPath": "PartsUnlimited-Lab",
        "System.TeamProject": "PartsUnlimited-Lab",
        "System.IterationPath": "PartsUnlimited-Lab",
        "System.WorkItemType": "Feature",
        "System.State": "New",
        "System.Reason": "New feature",
        "System.CreatedDate": "2023-01-23T16:05:46.1Z",
        "System.CreatedBy": "Julian Schobert <julian.schobert@servicenow.com>",
        "System.ChangedDate": "2023-01-23T16:05:46.1Z",
        "System.ChangedBy": "Julian Schobert <julian.schobert@servicenow.com>",
        "System.Title": "Order cancellation",
        "Microsoft.VSTS.Scheduling.Effort": 0.0,
        "System.Description": "Order cancellation",
        "System.AssignedTo": null,
        "Microsoft.VSTS.Scheduling.RemainingWork": 0.0,
        "Microsoft.VSTS.Common.Priority": 2.0,
        "System.BoardLane": null,
        "System.Tags": null,
        "Microsoft.VSTS.TCM.Steps": null,
        "Microsoft.VSTS.TCM.Parameters": null,
        "Microsoft.VSTS.TCM.LocalDataSource": null,
        "Microsoft.VSTS.TCM.AutomationStatus": null,
        "System.History": null
      },
      "relations": [
        {
          "rel": "System.LinkTypes.Hierarchy-Reverse",
          "url": "https://dev.azure.com/sndevops-lab/_apis/wit/workItems/175",
          "attributes": {
            "isLocked": "false",
            "comment": "Making a new link for the dependency",
            "name": "Parent"
          }
        }
      ],
      "url": "https://dev.azure.com/sndevops-lab/_apis/wit/workItems/192"
    },
    {
      "id": 193,
      "rev": 1,
      "fields": {
        "System.AreaPath": "PartsUnlimited-Lab",
        "System.TeamProject": "PartsUnlimited-Lab",
        "System.IterationPath": "PartsUnlimited-Lab",
        "System.WorkItemType": "Feature",
        "System.State": "New",
        "System.Reason": "New feature",
        "System.CreatedDate": "2023-01-23T16:05:46.547Z",
        "System.CreatedBy": "Julian Schobert <julian.schobert@servicenow.com>",
        "System.ChangedDate": "2023-01-23T16:05:46.547Z",
        "System.ChangedBy": "Julian Schobert <julian.schobert@servicenow.com>",
        "System.Title": "Delivery Options",
        "Microsoft.VSTS.Scheduling.Effort": 0.0,
        "System.Description": "Delivery Options",
        "System.AssignedTo": null,
        "Microsoft.VSTS.Scheduling.RemainingWork": 0.0,
        "Microsoft.VSTS.Common.Priority": 2.0,
        "System.BoardLane": null,
        "System.Tags": null,
        "Microsoft.VSTS.TCM.Steps": null,
        "Microsoft.VSTS.TCM.Parameters": null,
        "Microsoft.VSTS.TCM.LocalDataSource": null,
        "Microsoft.VSTS.TCM.AutomationStatus": null,
        "System.History": null
      },
      "relations": [
        {
          "rel": "System.LinkTypes.Hierarchy-Reverse",
          "url": "https://dev.azure.com/sndevops-lab/_apis/wit/workItems/174",
          "attributes": {
            "isLocked": "false",
            "comment": "Making a new link for the dependency",
            "name": "Parent"
          }
        }
      ],
      "url": "https://dev.azure.com/sndevops-lab/_apis/wit/workItems/193"
    },
    {
      "id": 194,
      "rev": 1,
      "fields": {
        "System.AreaPath": "PartsUnlimited-Lab",
        "System.TeamProject": "PartsUnlimited-Lab",
        "System.IterationPath": "PartsUnlimited-Lab",
        "System.WorkItemType": "Feature",
        "System.State": "New",
        "System.Reason": "New feature",
        "System.CreatedDate": "2023-01-23T16:05:46.803Z",
        "System.CreatedBy": "Julian Schobert <julian.schobert@servicenow.com>",
        "System.ChangedDate": "2023-01-23T16:05:46.803Z",
        "System.ChangedBy": "Julian Schobert <julian.schobert@servicenow.com>",
        "System.Title": "Shipping charges calculation",
        "Microsoft.VSTS.Scheduling.Effort": 0.0,
        "System.Description": "Shipping charges calculation",
        "System.AssignedTo": null,
        "Microsoft.VSTS.Scheduling.RemainingWork": 0.0,
        "Microsoft.VSTS.Common.Priority": 2.0,
        "System.BoardLane": null,
        "System.Tags": null,
        "Microsoft.VSTS.TCM.Steps": null,
        "Microsoft.VSTS.TCM.Parameters": null,
        "Microsoft.VSTS.TCM.LocalDataSource": null,
        "Microsoft.VSTS.TCM.AutomationStatus": null,
        "System.History": null
      },
      "relations": [
        {
          "rel": "System.LinkTypes.Hierarchy-Reverse",
          "url": "https://dev.azure.com/sndevops-lab/_apis/wit/workItems/175",
          "attributes": {
            "isLocked": "false",
            "comment": "Making a new link for the dependency",
            "name": "Parent"
          }
        }
      ],
      "url": "https://dev.azure.com/sndevops-lab/_apis/wit/workItems/194"
    },
    {
      "id": 195,
      "rev": 1,
      "fields": {
        "System.AreaPath": "PartsUnlimited-Lab",
        "System.TeamProject": "PartsUnlimited-Lab",
        "System.IterationPath": "PartsUnlimited-Lab",
        "System.WorkItemType": "Feature",
        "System.State": "New",
        "System.Reason": "New feature",
        "System.CreatedDate": "2023-01-23T16:05:47.047Z",
        "System.CreatedBy": "Julian Schobert <julian.schobert@servicenow.com>",
        "System.ChangedDate": "2023-01-23T16:05:47.047Z",
        "System.ChangedBy": "Julian Schobert <julian.schobert@servicenow.com>",
        "System.Title": "Supplier Feedback",
        "Microsoft.VSTS.Scheduling.Effort": 0.0,
        "System.Description": "Supplier Feedback",
        "System.AssignedTo": null,
        "Microsoft.VSTS.Scheduling.RemainingWork": 0.0,
        "Microsoft.VSTS.Common.Priority": 2.0,
        "System.BoardLane": null,
        "System.Tags": null,
        "Microsoft.VSTS.TCM.Steps": null,
        "Microsoft.VSTS.TCM.Parameters": null,
        "Microsoft.VSTS.TCM.LocalDataSource": null,
        "Microsoft.VSTS.TCM.AutomationStatus": null,
        "System.History": null
      },
      "relations": [
        {
          "rel": "System.LinkTypes.Hierarchy-Reverse",
          "url": "https://dev.azure.com/sndevops-lab/_apis/wit/workItems/173",
          "attributes": {
            "isLocked": "false",
            "comment": "Making a new link for the dependency",
            "name": "Parent"
          }
        }
      ],
      "url": "https://dev.azure.com/sndevops-lab/_apis/wit/workItems/195"
    },
    {
      "id": 196,
      "rev": 1,
      "fields": {
        "System.AreaPath": "PartsUnlimited-Lab",
        "System.TeamProject": "PartsUnlimited-Lab",
        "System.IterationPath": "PartsUnlimited-Lab",
        "System.WorkItemType": "Feature",
        "System.State": "New",
        "System.Reason": "New feature",
        "System.CreatedDate": "2023-01-23T16:05:47.31Z",
        "System.CreatedBy": "Julian Schobert <julian.schobert@servicenow.com>",
        "System.ChangedDate": "2023-01-23T16:05:47.31Z",
        "System.ChangedBy": "Julian Schobert <julian.schobert@servicenow.com>",
        "System.Title": "Ratings for purchased items",
        "Microsoft.VSTS.Scheduling.Effort": 0.0,
        "System.Description": "Ratings for purchased items",
        "System.AssignedTo": null,
        "Microsoft.VSTS.Scheduling.RemainingWork": 0.0,
        "Microsoft.VSTS.Common.Priority": 2.0,
        "System.BoardLane": null,
        "System.Tags": null,
        "Microsoft.VSTS.TCM.Steps": null,
        "Microsoft.VSTS.TCM.Parameters": null,
        "Microsoft.VSTS.TCM.LocalDataSource": null,
        "Microsoft.VSTS.TCM.AutomationStatus": null,
        "System.History": null
      },
      "relations": [
        {
          "rel": "System.LinkTypes.Hierarchy-Forward",
          "url": "https://dev.azure.com/sndevops-lab/_apis/wit/workItems/160",
          "attributes": {
            "isLocked": "false",
            "comment": "Making a new link for the dependency",
            "name": "Child"
          }
        },
        {
          "rel": "System.LinkTypes.Hierarchy-Reverse",
          "url": "https://dev.azure.com/sndevops-lab/_apis/wit/workItems/173",
          "attributes": {
            "isLocked": "false",
            "comment": "Making a new link for the dependency",
            "name": "Parent"
          }
        }
      ],
      "url": "https://dev.azure.com/sndevops-lab/_apis/wit/workItems/196"
    },
    {
      "id": 197,
      "rev": 1,
      "fields": {
        "System.AreaPath": "PartsUnlimited-Lab",
        "System.TeamProject": "PartsUnlimited-Lab",
        "System.IterationPath": "PartsUnlimited-Lab",
        "System.WorkItemType": "Feature",
        "System.State": "New",
        "System.Reason": "New feature",
        "System.CreatedDate": "2023-01-23T16:05:47.703Z",
        "System.CreatedBy": "Julian Schobert <julian.schobert@servicenow.com>",
        "System.ChangedDate": "2023-01-23T16:05:47.703Z",
        "System.ChangedBy": "Julian Schobert <julian.schobert@servicenow.com>",
        "System.Title": "Rewards Redemption",
        "Microsoft.VSTS.Scheduling.Effort": 0.0,
        "System.Description": "Rewards Redemption",
        "System.AssignedTo": null,
        "Microsoft.VSTS.Scheduling.RemainingWork": 0.0,
        "Microsoft.VSTS.Common.Priority": 2.0,
        "System.BoardLane": null,
        "System.Tags": null,
        "Microsoft.VSTS.TCM.Steps": null,
        "Microsoft.VSTS.TCM.Parameters": null,
        "Microsoft.VSTS.TCM.LocalDataSource": null,
        "Microsoft.VSTS.TCM.AutomationStatus": null,
        "System.History": null
      },
      "relations": [
        {
          "rel": "System.LinkTypes.Hierarchy-Reverse",
          "url": "https://dev.azure.com/sndevops-lab/_apis/wit/workItems/170",
          "attributes": {
            "isLocked": "false",
            "comment": "Making a new link for the dependency",
            "name": "Parent"
          }
        }
      ],
      "url": "https://dev.azure.com/sndevops-lab/_apis/wit/workItems/197"
    },
    {
      "id": 198,
      "rev": 1,
      "fields": {
        "System.AreaPath": "PartsUnlimited-Lab",
        "System.TeamProject": "PartsUnlimited-Lab",
        "System.IterationPath": "PartsUnlimited-Lab",
        "System.WorkItemType": "Feature",
        "System.State": "New",
        "System.Reason": "New feature",
        "System.CreatedDate": "2023-01-23T16:05:47.95Z",
        "System.CreatedBy": "Julian Schobert <julian.schobert@servicenow.com>",
        "System.ChangedDate": "2023-01-23T16:05:47.95Z",
        "System.ChangedBy": "Julian Schobert <julian.schobert@servicenow.com>",
        "System.Title": "Points Accural on Purchases",
        "Microsoft.VSTS.Scheduling.Effort": 0.0,
        "System.Description": "Points Accural on Purchases",
        "System.AssignedTo": null,
        "Microsoft.VSTS.Scheduling.RemainingWork": 0.0,
        "Microsoft.VSTS.Common.Priority": 2.0,
        "System.BoardLane": null,
        "System.Tags": null,
        "Microsoft.VSTS.TCM.Steps": null,
        "Microsoft.VSTS.TCM.Parameters": null,
        "Microsoft.VSTS.TCM.LocalDataSource": null,
        "Microsoft.VSTS.TCM.AutomationStatus": null,
        "System.History": null
      },
      "relations": [
        {
          "rel": "System.LinkTypes.Hierarchy-Reverse",
          "url": "https://dev.azure.com/sndevops-lab/_apis/wit/workItems/170",
          "attributes": {
            "isLocked": "false",
            "comment": "Making a new link for the dependency",
            "name": "Parent"
          }
        }
      ],
      "url": "https://dev.azure.com/sndevops-lab/_apis/wit/workItems/198"
    }
  ],
  "HttpStatusCode": 0,
  "Message": null
}