{
  "count": 18,
  "value": [
    {
      "id": 199,
      "rev": 1,
      "fields": {
        "System.AreaPath": "PartsUnlimited-Lab",
        "System.TeamProject": "PartsUnlimited-Lab",
        "System.IterationPath": "$ProjectName$\\Sprint 2",
        "System.WorkItemType": "Product Backlog Item",
        "System.State": "Approved",
        "System.Reason": "Approved by the Product Owner",
        "System.CreatedDate": "2023-01-23T16:05:48.197Z",
        "System.CreatedBy": "Julian Schobert <julian.schobert@servicenow.com>",
        "System.ChangedDate": "2023-01-23T16:05:48.197Z",
        "System.ChangedBy": "Julian Schobert <julian.schobert@servicenow.com>",
        "System.Title": "As a customer, I would like to have a wishlist where I can add items for future purchase",
        "Microsoft.VSTS.Scheduling.Effort": 2.0,
        "System.Description": "As a customer, I would like to have a wishlist where I can add items for future purchase",
        "System.AssignedTo": null,
        "Microsoft.VSTS.Scheduling.RemainingWork": 0.0,
        "Microsoft.VSTS.Common.Priority": 1.0,
        "System.BoardLane": null,
        "System.Tags": null,
        "Microsoft.VSTS.TCM.Steps": null,
        "Microsoft.VSTS.TCM.Parameters": null,
        "Microsoft.VSTS.TCM.LocalDataSource": null,
        "Microsoft.VSTS.TCM.AutomationStatus": null,
        "System.History": null
      },
      "relations": [
        {
          "rel": "Microsoft.VSTS.Common.TestedBy-Forward",
          "url": "https://dev.azure.com/sndevops-lab/_apis/wit/workItems/252",
          "attributes": {
            "isLocked": "false",
            "comment": "Making a new link for the dependency",
            "name": "Tested By"
          }
        }
      ],
      "url": "https://dev.azure.com/sndevops-lab/_apis/wit/workItems/199"
    },
    {
      "id": 200,
      "rev": 1,
      "fields": {
        "System.AreaPath": "PartsUnlimited-Lab",
        "System.TeamProject": "PartsUnlimited-Lab",
        "System.IterationPath": "$ProjectName$\\Sprint 6",
        "System.WorkItemType": "Product Backlog Item",
        "System.State": "Approved",
        "System.Reason": "Additional work found",
        "System.CreatedDate": "2023-01-23T16:05:49.067Z",
        "System.CreatedBy": "Julian Schobert <julian.schobert@servicenow.com>",
        "System.ChangedDate": "2023-01-23T16:05:49.067Z",
        "System.ChangedBy": "Julian Schobert <julian.schobert@servicenow.com>",
        "System.Title": "As a customer, I would like to provide my feedback on items that I have purchased",
        "Microsoft.VSTS.Scheduling.Effort": 5.0,
        "System.Description": "As a customer, I would like to provide my feedback on items that I have purchased",
        "System.AssignedTo": null,
        "Microsoft.VSTS.Scheduling.RemainingWork": 0.0,
        "Microsoft.VSTS.Common.Priority": 2.0,
        "System.BoardLane": null,
        "System.Tags": null,
        "Microsoft.VSTS.TCM.Steps": null,
        "Microsoft.VSTS.TCM.Parameters": null,
        "Microsoft.VSTS.TCM.LocalDataSource": null,
        "Microsoft.VSTS.TCM.AutomationStatus": null,
        "System.History": null
      },
      "relations": [
        {
          "rel": "Microsoft.VSTS.Common.TestedBy-Forward",
          "url": "https://dev.azure.com/sndevops-lab/_apis/wit/workItems/251",
          "attributes": {
            "isLocked": "false",
            "comment": "Making a new link for the dependency",
            "name": "Tested By"
          }
        }
      ],
      "url": "https://dev.azure.com/sndevops-lab/_apis/wit/workItems/200"
    },
    {
      "id": 201,
      "rev": 1,
      "fields": {
        "System.AreaPath": "PartsUnlimited-Lab",
        "System.TeamProject": "PartsUnlimited-Lab",
        "System.IterationPath": "$ProjectName$\\Sprint 6",
        "System.WorkItemType": "Product Backlog Item",
        "System.State": "Approved",
        "System.Reason": "Additional work found",
        "System.CreatedDate": "2023-01-23T16:05:49.313Z",
        "System.CreatedBy": "Julian Schobert <julian.schobert@servicenow.com>",
        "System.ChangedDate": "2023-01-23T16:05:49.313Z",
        "System.ChangedBy": "Julian Schobert <julian.schobert@servicenow.com>",
        "System.Title": "As a admin, I should be able to update prices on ad-hoc condition",
        "Microsoft.VSTS.Scheduling.Effort": 6.0,
        "System.Description": "As a admin, I should be able to update prices on ad-hoc condition. The prices should be immediately reflected on the product page. Any unconfirmed order should include the updated price&nbsp;",
        "System.AssignedTo": null,
        "Microsoft.VSTS.Scheduling.RemainingWork": 0.0,
        "Microsoft.VSTS.Common.Priority": 2.0,
        "System.BoardLane": null,
        "System.Tags": null,
        "Microsoft.VSTS.TCM.Steps": null,
        "Microsoft.VSTS.TCM.Parameters": null,
        "Microsoft.VSTS.TCM.LocalDataSource": null,
        "Microsoft.VSTS.TCM.AutomationStatus": null,
        "System.History": null
      },
      "relations": [
        {
          "rel": "Microsoft.VSTS.Common.TestedBy-Forward",
          "url": "https://dev.azure.com/sndevops-lab/_apis/wit/workItems/250",
          "attributes": {
            "isLocked": "false",
            "comment": "Making a new link for the dependency",
            "name": "Tested By"
          }
        }
      ],
      "url": "https://dev.azure.com/sndevops-lab/_apis/wit/workItems/201"
    },
    {
      "id": 202,
      "rev": 1,
      "fields": {
        "System.AreaPath": "PartsUnlimited-Lab",
        "System.TeamProject": "PartsUnlimited-Lab",
        "System.IterationPath": "$ProjectName$\\Sprint 6",
        "System.WorkItemType": "Product Backlog Item",
        "System.State": "Approved",
        "System.Reason": "Work stopped",
        "System.CreatedDate": "2023-01-23T16:05:49.553Z",
        "System.CreatedBy": "Julian Schobert <julian.schobert@servicenow.com>",
        "System.ChangedDate": "2023-01-23T16:05:49.553Z",
        "System.ChangedBy": "Julian Schobert <julian.schobert@servicenow.com>",
        "System.Title": "Notify the user about any changes made to the order",
        "Microsoft.VSTS.Scheduling.Effort": 10.0,
        "System.Description": "Users should be notified when there is a change to the order including shipping, delivery, price changes",
        "System.AssignedTo": null,
        "Microsoft.VSTS.Scheduling.RemainingWork": 0.0,
        "Microsoft.VSTS.Common.Priority": 2.0,
        "System.BoardLane": null,
        "System.Tags": null,
        "Microsoft.VSTS.TCM.Steps": null,
        "Microsoft.VSTS.TCM.Parameters": null,
        "Microsoft.VSTS.TCM.LocalDataSource": null,
        "Microsoft.VSTS.TCM.AutomationStatus": null,
        "System.History": null
      },
      "relations": [
        {
          "rel": "Microsoft.VSTS.Common.TestedBy-Forward",
          "url": "https://dev.azure.com/sndevops-lab/_apis/wit/workItems/259",
          "attributes": {
            "isLocked": "false",
            "comment": "Making a new link for the dependency",
            "name": "Tested By"
          }
        }
      ],
      "url": "https://dev.azure.com/sndevops-lab/_apis/wit/workItems/202"
    },
    {
      "id": 203,
      "rev": 1,
      "fields": {
        "System.AreaPath": "PartsUnlimited-Lab",
        "System.TeamProject": "PartsUnlimited-Lab",
        "System.IterationPath": "$ProjectName$\\Sprint 2",
        "System.WorkItemType": "Product Backlog Item",
        "System.State": "Committed",
        "System.Reason": "Commitment made by the team",
        "System.CreatedDate": "2023-01-23T16:05:49.803Z",
        "System.CreatedBy": "Julian Schobert <julian.schobert@servicenow.com>",
        "System.ChangedDate": "2023-01-23T16:05:49.803Z",
        "System.ChangedBy": "Julian Schobert <julian.schobert@servicenow.com>",
        "System.Title": "Provide tentative duration for shipping.",
        "Microsoft.VSTS.Scheduling.Effort": 13.0,
        "System.Description": "Customers when they make the order and select the shipping method, the system should provide the tentative duration for shipping the items",
        "System.AssignedTo": null,
        "Microsoft.VSTS.Scheduling.RemainingWork": 0.0,
        "Microsoft.VSTS.Common.Priority": 2.0,
        "System.BoardLane": null,
        "System.Tags": null,
        "Microsoft.VSTS.TCM.Steps": null,
        "Microsoft.VSTS.TCM.Parameters": null,
        "Microsoft.VSTS.TCM.LocalDataSource": null,
        "Microsoft.VSTS.TCM.AutomationStatus": null,
        "System.History": null
      },
      "relations": [
        {
          "rel": "Microsoft.VSTS.Common.TestedBy-Forward",
          "url": "https://dev.azure.com/sndevops-lab/_apis/wit/workItems/246",
          "attributes": {
            "isLocked": "false",
            "comment": "Making a new link for the dependency",
            "name": "Tested By"
          }
        }
      ],
      "url": "https://dev.azure.com/sndevops-lab/_apis/wit/workItems/203"
    },
    {
      "id": 204,
      "rev": 1,
      "fields": {
        "System.AreaPath": "PartsUnlimited-Lab",
        "System.TeamProject": "PartsUnlimited-Lab",
        "System.IterationPath": "PartsUnlimited-Lab",
        "System.WorkItemType": "Product Backlog Item",
        "System.State": "Committed",
        "System.Reason": "Commitment made by the team",
        "System.CreatedDate": "2023-01-23T16:05:50.05Z",
        "System.CreatedBy": "Julian Schobert <julian.schobert@servicenow.com>",
        "System.ChangedDate": "2023-01-23T16:05:50.05Z",
        "System.ChangedBy": "Julian Schobert <julian.schobert@servicenow.com>",
        "System.Title": "As developer, I want to use Azure Machine Learning to provide a recommendations engine behind the website.",
        "Microsoft.VSTS.Scheduling.Effort": 2.0,
        "System.Description": "As developer, I want to use Azure Machine Learning to provide a recommendations engine behind the website.",
        "System.AssignedTo": null,
        "Microsoft.VSTS.Scheduling.RemainingWork": 0.0,
        "Microsoft.VSTS.Common.Priority": 1.0,
        "System.BoardLane": null,
        "System.Tags": null,
        "Microsoft.VSTS.TCM.Steps": null,
        "Microsoft.VSTS.TCM.Parameters": null,
        "Microsoft.VSTS.TCM.LocalDataSource": null,
        "Microsoft.VSTS.TCM.AutomationStatus": null,
        "System.History": null
      },
      "relations": null,
      "url": "https://dev.azure.com/sndevops-lab/_apis/wit/workItems/204"
    },
    {
      "id": 205,
      "rev": 1,
      "fields": {
        "System.AreaPath": "PartsUnlimited-Lab",
        "System.TeamProject": "PartsUnlimited-Lab",
        "System.IterationPath": "PartsUnlimited-Lab",
        "System.WorkItemType": "Product Backlog Item",
        "System.State": "Committed",
        "System.Reason": "Commitment made by the team",
        "System.CreatedDate": "2023-01-23T16:05:50.31Z",
        "System.CreatedBy": "Julian Schobert <julian.schobert@servicenow.com>",
        "System.ChangedDate": "2023-01-23T16:05:50.31Z",
        "System.ChangedBy": "Julian Schobert <julian.schobert@servicenow.com>",
        "System.Title": "As a customer, I should be able to select different shipping option",
        "Microsoft.VSTS.Scheduling.Effort": 2.0,
        "System.Description": "As a customer, I should be able to view all the shipping options available and be able to select a different shipping option other than the default option",
        "System.AssignedTo": null,
        "Microsoft.VSTS.Scheduling.RemainingWork": 0.0,
        "Microsoft.VSTS.Common.Priority": 1.0,
        "System.BoardLane": null,
        "System.Tags": null,
        "Microsoft.VSTS.TCM.Steps": null,
        "Microsoft.VSTS.TCM.Parameters": null,
        "Microsoft.VSTS.TCM.LocalDataSource": null,
        "Microsoft.VSTS.TCM.AutomationStatus": null,
        "System.History": null
      },
      "relations": null,
      "url": "https://dev.azure.com/sndevops-lab/_apis/wit/workItems/205"
    },
    {
      "id": 206,
      "rev": 1,
      "fields": {
        "System.AreaPath": "PartsUnlimited-Lab",
        "System.TeamProject": "PartsUnlimited-Lab",
        "System.IterationPath": "PartsUnlimited-Lab",
        "System.WorkItemType": "Product Backlog Item",
        "System.State": "Committed",
        "System.Reason": "Additional work found",
        "System.CreatedDate": "2023-01-23T16:05:50.54Z",
        "System.CreatedBy": "Julian Schobert <julian.schobert@servicenow.com>",
        "System.ChangedDate": "2023-01-23T16:05:50.54Z",
        "System.ChangedBy": "Julian Schobert <julian.schobert@servicenow.com>",
        "System.Title": "As a customer, I would like to store my credit card details securely",
        "Microsoft.VSTS.Scheduling.Effort": 0.0,
        "System.Description": "More information here",
        "System.AssignedTo": null,
        "Microsoft.VSTS.Scheduling.RemainingWork": 0.0,
        "Microsoft.VSTS.Common.Priority": 2.0,
        "System.BoardLane": null,
        "System.Tags": null,
        "Microsoft.VSTS.TCM.Steps": null,
        "Microsoft.VSTS.TCM.Parameters": null,
        "Microsoft.VSTS.TCM.LocalDataSource": null,
        "Microsoft.VSTS.TCM.AutomationStatus": null,
        "System.History": null
      },
      "relations": [
        {
          "rel": "Microsoft.VSTS.Common.TestedBy-Forward",
          "url": "https://dev.azure.com/sndevops-lab/_apis/wit/workItems/257",
          "attributes": {
            "isLocked": "false",
            "comment": "Making a new link for the dependency",
            "name": "Tested By"
          }
        },
        {
          "rel": "Microsoft.VSTS.Common.TestedBy-Forward",
          "url": "https://dev.azure.com/sndevops-lab/_apis/wit/workItems/256",
          "attributes": {
            "isLocked": "false",
            "comment": "Making a new link for the dependency",
            "name": "Tested By"
          }
        },
        {
          "rel": "Microsoft.VSTS.Common.TestedBy-Forward",
          "url": "https://dev.azure.com/sndevops-lab/_apis/wit/workItems/258",
          "attributes": {
            "isLocked": "false",
            "comment": "Making a new link for the dependency",
            "name": "Tested By"
          }
        }
      ],
      "url": "https://dev.azure.com/sndevops-lab/_apis/wit/workItems/206"
    },
    {
      "id": 207,
      "rev": 1,
      "fields": {
        "System.AreaPath": "PartsUnlimited-Lab",
        "System.TeamProject": "PartsUnlimited-Lab",
        "System.IterationPath": "$ProjectName$\\Sprint 6",
        "System.WorkItemType": "Product Backlog Item",
        "System.State": "Done",
        "System.Reason": "Work finished",
        "System.CreatedDate": "2023-01-23T16:05:50.79Z",
        "System.CreatedBy": "Julian Schobert <julian.schobert@servicenow.com>",
        "System.ChangedDate": "2023-01-23T16:05:50.79Z",
        "System.ChangedBy": "Julian Schobert <julian.schobert@servicenow.com>",
        "System.Title": "As a customer, I would like to have the ability to send my items as gift",
        "Microsoft.VSTS.Scheduling.Effort": 5.0,
        "System.Description": "As a customer, I would like to have the ability to send my items as gift",
        "System.AssignedTo": "Julian Schobert <julian.schobert@servicenow.com>",
        "Microsoft.VSTS.Scheduling.RemainingWork": 0.0,
        "Microsoft.VSTS.Common.Priority": 2.0,
        "System.BoardLane": null,
        "System.Tags": null,
        "Microsoft.VSTS.TCM.Steps": null,
        "Microsoft.VSTS.TCM.Parameters": null,
        "Microsoft.VSTS.TCM.LocalDataSource": null,
        "Microsoft.VSTS.TCM.AutomationStatus": null,
        "System.History": null
      },
      "relations": null,
      "url": "https://dev.azure.com/sndevops-lab/_apis/wit/workItems/207"
    },
    {
      "id": 208,
      "rev": 1,
      "fields": {
        "System.AreaPath": "PartsUnlimited-Lab",
        "System.TeamProject": "PartsUnlimited-Lab",
        "System.IterationPath": "$ProjectName$\\Sprint 1",
        "System.WorkItemType": "Product Backlog Item",
        "System.State": "Done",
        "System.Reason": "Work finished",
        "System.CreatedDate": "2023-01-23T16:05:51.047Z",
        "System.CreatedBy": "Julian Schobert <julian.schobert@servicenow.com>",
        "System.ChangedDate": "2023-01-23T16:05:51.047Z",
        "System.ChangedBy": "Julian Schobert <julian.schobert@servicenow.com>",
        "System.Title": "Provide customers the ability to track status of the package",
        "Microsoft.VSTS.Scheduling.Effort": 2.0,
        "System.Description": "Provide customers the ability to track status of the package",
        "System.AssignedTo": "nmunger109@outlook.com",
        "Microsoft.VSTS.Scheduling.RemainingWork": 0.0,
        "Microsoft.VSTS.Common.Priority": 2.0,
        "System.BoardLane": null,
        "System.Tags": null,
        "Microsoft.VSTS.TCM.Steps": null,
        "Microsoft.VSTS.TCM.Parameters": null,
        "Microsoft.VSTS.TCM.LocalDataSource": null,
        "Microsoft.VSTS.TCM.AutomationStatus": null,
        "System.History": null
      },
      "relations": null,
      "url": "https://dev.azure.com/sndevops-lab/_apis/wit/workItems/208"
    },
    {
      "id": 209,
      "rev": 1,
      "fields": {
        "System.AreaPath": "PartsUnlimited-Lab",
        "System.TeamProject": "PartsUnlimited-Lab",
        "System.IterationPath": "PartsUnlimited-Lab",
        "System.WorkItemType": "Product Backlog Item",
        "System.State": "New",
        "System.Reason": "Moved to the backlog",
        "System.CreatedDate": "2023-01-23T16:05:51.347Z",
        "System.CreatedBy": "Julian Schobert <julian.schobert@servicenow.com>",
        "System.ChangedDate": "2023-01-23T16:05:51.347Z",
        "System.ChangedBy": "Julian Schobert <julian.schobert@servicenow.com>",
        "System.Title": "As marketer, I want to run an A|B test on alternative Web Sites using Application Insights.",
        "Microsoft.VSTS.Scheduling.Effort": 3.0,
        "System.Description": "As marketer, I want to run an A|B test on alternative Web Sites using Application Insights.",
        "System.AssignedTo": null,
        "Microsoft.VSTS.Scheduling.RemainingWork": 0.0,
        "Microsoft.VSTS.Common.Priority": 2.0,
        "System.BoardLane": null,
        "System.Tags": null,
        "Microsoft.VSTS.TCM.Steps": null,
        "Microsoft.VSTS.TCM.Parameters": null,
        "Microsoft.VSTS.TCM.LocalDataSource": null,
        "Microsoft.VSTS.TCM.AutomationStatus": null,
        "System.History": null
      },
      "relations": null,
      "url": "https://dev.azure.com/sndevops-lab/_apis/wit/workItems/209"
    },
    {
      "id": 210,
      "rev": 1,
      "fields": {
        "System.AreaPath": "PartsUnlimited-Lab",
        "System.TeamProject": "PartsUnlimited-Lab",
        "System.IterationPath": "$ProjectName$\\Sprint 6",
        "System.WorkItemType": "Product Backlog Item",
        "System.State": "New",
        "System.Reason": "Moved to the backlog",
        "System.CreatedDate": "2023-01-23T16:05:51.593Z",
        "System.CreatedBy": "Julian Schobert <julian.schobert@servicenow.com>",
        "System.ChangedDate": "2023-01-23T16:05:51.593Z",
        "System.ChangedBy": "Julian Schobert <julian.schobert@servicenow.com>",
        "System.Title": "As a customer, I would like to save my addresses so that I can easily select the address for delivery",
        "Microsoft.VSTS.Scheduling.Effort": 8.0,
        "System.Description": "As a customer, I would like to save my addresses so that I can easily select the address for delivery",
        "System.AssignedTo": null,
        "Microsoft.VSTS.Scheduling.RemainingWork": 0.0,
        "Microsoft.VSTS.Common.Priority": 2.0,
        "System.BoardLane": null,
        "System.Tags": null,
        "Microsoft.VSTS.TCM.Steps": null,
        "Microsoft.VSTS.TCM.Parameters": null,
        "Microsoft.VSTS.TCM.LocalDataSource": null,
        "Microsoft.VSTS.TCM.AutomationStatus": null,
        "System.History": null
      },
      "relations": [
        {
          "rel": "Microsoft.VSTS.Common.TestedBy-Forward",
          "url": "https://dev.azure.com/sndevops-lab/_apis/wit/workItems/253",
          "attributes": {
            "isLocked": "false",
            "comment": "Making a new link for the dependency",
            "name": "Tested By"
          }
        }
      ],
      "url": "https://dev.azure.com/sndevops-lab/_apis/wit/workItems/210"
    },
    {
      "id": 211,
      "rev": 1,
      "fields": {
        "System.AreaPath": "PartsUnlimited-Lab",
        "System.TeamProject": "PartsUnlimited-Lab",
        "System.IterationPath": "$ProjectName$\\Sprint 4",
        "System.WorkItemType": "Product Backlog Item",
        "System.State": "New",
        "System.Reason": "New backlog item",
        "System.CreatedDate": "2023-01-23T16:05:51.96Z",
        "System.CreatedBy": "Julian Schobert <julian.schobert@servicenow.com>",
        "System.ChangedDate": "2023-01-23T16:05:51.96Z",
        "System.ChangedBy": "Julian Schobert <julian.schobert@servicenow.com>",
        "System.Title": "Recommended products must be based on customer purchase pattern history",
        "Microsoft.VSTS.Scheduling.Effort": 2.0,
        "System.Description": "Recommended products must be based on customer purchase pattern history",
        "System.AssignedTo": null,
        "Microsoft.VSTS.Scheduling.RemainingWork": 10.0,
        "Microsoft.VSTS.Common.Priority": 2.0,
        "System.BoardLane": null,
        "System.Tags": null,
        "Microsoft.VSTS.TCM.Steps": null,
        "Microsoft.VSTS.TCM.Parameters": null,
        "Microsoft.VSTS.TCM.LocalDataSource": null,
        "Microsoft.VSTS.TCM.AutomationStatus": null,
        "System.History": null
      },
      "relations": null,
      "url": "https://dev.azure.com/sndevops-lab/_apis/wit/workItems/211"
    },
    {
      "id": 212,
      "rev": 1,
      "fields": {
        "System.AreaPath": "PartsUnlimited-Lab",
        "System.TeamProject": "PartsUnlimited-Lab",
        "System.IterationPath": "$ProjectName$\\Sprint 6",
        "System.WorkItemType": "Product Backlog Item",
        "System.State": "New",
        "System.Reason": "New backlog item",
        "System.CreatedDate": "2023-01-23T16:05:52.203Z",
        "System.CreatedBy": "Julian Schobert <julian.schobert@servicenow.com>",
        "System.ChangedDate": "2023-01-23T16:05:52.203Z",
        "System.ChangedBy": "Julian Schobert <julian.schobert@servicenow.com>",
        "System.Title": "As a customer, I would like to have a sort capabaility by price and customer ratings",
        "Microsoft.VSTS.Scheduling.Effort": 13.0,
        "System.Description": "As developer, I want a clone of the Phoenix feedback and events database",
        "System.AssignedTo": null,
        "Microsoft.VSTS.Scheduling.RemainingWork": 0.0,
        "Microsoft.VSTS.Common.Priority": 1.0,
        "System.BoardLane": null,
        "System.Tags": null,
        "Microsoft.VSTS.TCM.Steps": null,
        "Microsoft.VSTS.TCM.Parameters": null,
        "Microsoft.VSTS.TCM.LocalDataSource": null,
        "Microsoft.VSTS.TCM.AutomationStatus": null,
        "System.History": null
      },
      "relations": [
        {
          "rel": "Microsoft.VSTS.Common.TestedBy-Forward",
          "url": "https://dev.azure.com/sndevops-lab/_apis/wit/workItems/255",
          "attributes": {
            "isLocked": "false",
            "comment": "Making a new link for the dependency",
            "name": "Tested By"
          }
        }
      ],
      "url": "https://dev.azure.com/sndevops-lab/_apis/wit/workItems/212"
    },
    {
      "id": 213,
      "rev": 1,
      "fields": {
        "System.AreaPath": "PartsUnlimited-Lab",
        "System.TeamProject": "PartsUnlimited-Lab",
        "System.IterationPath": "PartsUnlimited-Lab",
        "System.WorkItemType": "Product Backlog Item",
        "System.State": "New",
        "System.Reason": "Moved to the backlog",
        "System.CreatedDate": "2023-01-23T16:05:52.47Z",
        "System.CreatedBy": "Julian Schobert <julian.schobert@servicenow.com>",
        "System.ChangedDate": "2023-01-23T16:05:52.47Z",
        "System.ChangedBy": "Julian Schobert <julian.schobert@servicenow.com>",
        "System.Title": "As a customer, I should be able to print my purchase order",
        "Microsoft.VSTS.Scheduling.Effort": 0.0,
        "System.Description": "Ops needs the ability to quickly roll back to a known good state in the event of a critical problem in production.",
        "System.AssignedTo": null,
        "Microsoft.VSTS.Scheduling.RemainingWork": 0.0,
        "Microsoft.VSTS.Common.Priority": 2.0,
        "System.BoardLane": null,
        "System.Tags": null,
        "Microsoft.VSTS.TCM.Steps": null,
        "Microsoft.VSTS.TCM.Parameters": null,
        "Microsoft.VSTS.TCM.LocalDataSource": null,
        "Microsoft.VSTS.TCM.AutomationStatus": null,
        "System.History": null
      },
      "relations": [
        {
          "rel": "Microsoft.VSTS.Common.TestedBy-Forward",
          "url": "https://dev.azure.com/sndevops-lab/_apis/wit/workItems/254",
          "attributes": {
            "isLocked": "false",
            "comment": "Making a new link for the dependency",
            "name": "Tested By"
          }
        }
      ],
      "url": "https://dev.azure.com/sndevops-lab/_apis/wit/workItems/213"
    },
    {
      "id": 214,
      "rev": 1,
      "fields": {
        "System.AreaPath": "PartsUnlimited-Lab",
        "System.TeamProject": "PartsUnlimited-Lab",
        "System.IterationPath": "PartsUnlimited-Lab",
        "System.WorkItemType": "Product Backlog Item",
        "System.State": "New",
        "System.Reason": "Moved to the backlog",
        "System.CreatedDate": "2023-01-23T16:05:52.71Z",
        "System.CreatedBy": "Julian Schobert <julian.schobert@servicenow.com>",
        "System.ChangedDate": "2023-01-23T16:05:52.71Z",
        "System.ChangedBy": "Julian Schobert <julian.schobert@servicenow.com>",
        "System.Title": "As a customer, I should be able to put items to shopping cart",
        "Microsoft.VSTS.Scheduling.Effort": 8.0,
        "System.Description": "As a customer, I should be able to put items to shopping cart",
        "System.AssignedTo": null,
        "Microsoft.VSTS.Scheduling.RemainingWork": 0.0,
        "Microsoft.VSTS.Common.Priority": 2.0,
        "System.BoardLane": null,
        "System.Tags": null,
        "Microsoft.VSTS.TCM.Steps": null,
        "Microsoft.VSTS.TCM.Parameters": null,
        "Microsoft.VSTS.TCM.LocalDataSource": null,
        "Microsoft.VSTS.TCM.AutomationStatus": null,
        "System.History": null
      },
      "relations": [
        {
          "rel": "Microsoft.VSTS.Common.TestedBy-Forward",
          "url": "https://dev.azure.com/sndevops-lab/_apis/wit/workItems/247",
          "attributes": {
            "isLocked": "false",
            "comment": "Making a new link for the dependency",
            "name": "Tested By"
          }
        },
        {
          "rel": "Microsoft.VSTS.Common.TestedBy-Forward",
          "url": "https://dev.azure.com/sndevops-lab/_apis/wit/workItems/248",
          "attributes": {
            "isLocked": "false",
            "comment": "Making a new link for the dependency",
            "name": "Tested By"
          }
        },
        {
          "rel": "Microsoft.VSTS.Common.TestedBy-Forward",
          "url": "https://dev.azure.com/sndevops-lab/_apis/wit/workItems/249",
          "attributes": {
            "isLocked": "false",
            "comment": "Making a new link for the dependency",
            "name": "Tested By"
          }
        }
      ],
      "url": "https://dev.azure.com/sndevops-lab/_apis/wit/workItems/214"
    },
    {
      "id": 215,
      "rev": 1,
      "fields": {
        "System.AreaPath": "PartsUnlimited-Lab",
        "System.TeamProject": "PartsUnlimited-Lab",
        "System.IterationPath": "$ProjectName$\\Sprint 6",
        "System.WorkItemType": "Product Backlog Item",
        "System.State": "New",
        "System.Reason": "Moved to the backlog",
        "System.CreatedDate": "2023-01-23T16:05:52.94Z",
        "System.CreatedBy": "Julian Schobert <julian.schobert@servicenow.com>",
        "System.ChangedDate": "2023-01-23T16:05:52.94Z",
        "System.ChangedBy": "Julian Schobert <julian.schobert@servicenow.com>",
        "System.Title": "As tester, I need to test the website on all the relevant broswers and devices and be sure that it can handle our load.",
        "Microsoft.VSTS.Scheduling.Effort": 8.0,
        "System.Description": "As tester, I need to test the website on all the relevant broswers and devices and be sure that it can handle our load.",
        "System.AssignedTo": null,
        "Microsoft.VSTS.Scheduling.RemainingWork": 0.0,
        "Microsoft.VSTS.Common.Priority": 2.0,
        "System.BoardLane": null,
        "System.Tags": null,
        "Microsoft.VSTS.TCM.Steps": null,
        "Microsoft.VSTS.TCM.Parameters": null,
        "Microsoft.VSTS.TCM.LocalDataSource": null,
        "Microsoft.VSTS.TCM.AutomationStatus": null,
        "System.History": null
      },
      "relations": null,
      "url": "https://dev.azure.com/sndevops-lab/_apis/wit/workItems/215"
    },
    {
      "id": 216,
      "rev": 1,
      "fields": {
        "System.AreaPath": "PartsUnlimited-Lab",
        "System.TeamProject": "PartsUnlimited-Lab",
        "System.IterationPath": "PartsUnlimited-Lab",
        "System.WorkItemType": "Product Backlog Item",
        "System.State": "New",
        "System.Reason": "New backlog item",
        "System.CreatedDate": "2023-01-23T16:05:53.197Z",
        "System.CreatedBy": "Julian Schobert <julian.schobert@servicenow.com>",
        "System.ChangedDate": "2023-01-23T16:05:53.197Z",
        "System.ChangedBy": "Julian Schobert <julian.schobert@servicenow.com>",
        "System.Title": "Provide related items or frequently bought together section when people browse or search",
        "Microsoft.VSTS.Scheduling.Effort": 0.0,
        "System.Description": "Provide related items or frequently bought together section when people browse or search",
        "System.AssignedTo": null,
        "Microsoft.VSTS.Scheduling.RemainingWork": 0.0,
        "Microsoft.VSTS.Common.Priority": 2.0,
        "System.BoardLane": null,
        "System.Tags": null,
        "Microsoft.VSTS.TCM.Steps": null,
        "Microsoft.VSTS.TCM.Parameters": null,
        "Microsoft.VSTS.TCM.LocalDataSource": null,
        "Microsoft.VSTS.TCM.AutomationStatus": null,
        "System.History": null
      },
      "relations": [
        {
          "rel": "Microsoft.VSTS.Common.TestedBy-Forward",
          "url": "https://dev.azure.com/sndevops-lab/_apis/wit/workItems/260",
          "attributes": {
            "isLocked": "false",
            "comment": "Making a new link for the dependency",
            "name": "Tested By"
          }
        }
      ],
      "url": "https://dev.azure.com/sndevops-lab/_apis/wit/workItems/216"
    }
  ],
  "HttpStatusCode": 0,
  "Message": null
}