{
  "count": 29,
  "value": [
    {
      "id": 217,
      "rev": 1,
      "fields": {
        "System.AreaPath": "PartsUnlimited-Lab",
        "System.TeamProject": "PartsUnlimited-Lab",
        "System.IterationPath": "$ProjectName$\\Sprint 6",
        "System.WorkItemType": "Task",
        "System.State": "Done",
        "System.Reason": "Work finished",
        "System.CreatedDate": "2023-01-23T16:05:53.45Z",
        "System.CreatedBy": "Julian Schobert <julian.schobert@servicenow.com>",
        "System.ChangedDate": "2023-01-23T16:05:53.45Z",
        "System.ChangedBy": "Julian Schobert <julian.schobert@servicenow.com>",
        "System.Title": "Update add product section with Gift options",
        "Microsoft.VSTS.Scheduling.Effort": 0.0,
        "System.Description": "Update add product section with Gift options",
        "System.AssignedTo": "nmunger109@outlook.com",
        "Microsoft.VSTS.Scheduling.RemainingWork": 0.0,
        "Microsoft.VSTS.Common.Priority": 2.0,
        "System.BoardLane": null,
        "System.Tags": null,
        "Microsoft.VSTS.TCM.Steps": null,
        "Microsoft.VSTS.TCM.Parameters": null,
        "Microsoft.VSTS.TCM.LocalDataSource": null,
        "Microsoft.VSTS.TCM.AutomationStatus": null,
        "System.History": null
      },
      "relations": null,
      "url": "https://dev.azure.com/sndevops-lab/_apis/wit/workItems/217"
    },
    {
      "id": 218,
      "rev": 1,
      "fields": {
        "System.AreaPath": "PartsUnlimited-Lab",
        "System.TeamProject": "PartsUnlimited-Lab",
        "System.IterationPath": "$ProjectName$\\Sprint 2",
        "System.WorkItemType": "Task",
        "System.State": "Done",
        "System.Reason": "Work finished",
        "System.CreatedDate": "2023-01-23T16:05:53.69Z",
        "System.CreatedBy": "Julian Schobert <julian.schobert@servicenow.com>",
        "System.ChangedDate": "2023-01-23T16:05:53.69Z",
        "System.ChangedBy": "Julian Schobert <julian.schobert@servicenow.com>",
        "System.Title": "Calculate delivery date based on shipping method",
        "Microsoft.VSTS.Scheduling.Effort": 0.0,
        "System.Description": "Calculate delivery date based on shipping method",
        "System.AssignedTo": "ckelly109@outlook.com",
        "Microsoft.VSTS.Scheduling.RemainingWork": 0.0,
        "Microsoft.VSTS.Common.Priority": 2.0,
        "System.BoardLane": null,
        "System.Tags": null,
        "Microsoft.VSTS.TCM.Steps": null,
        "Microsoft.VSTS.TCM.Parameters": null,
        "Microsoft.VSTS.TCM.LocalDataSource": null,
        "Microsoft.VSTS.TCM.AutomationStatus": null,
        "System.History": null
      },
      "relations": null,
      "url": "https://dev.azure.com/sndevops-lab/_apis/wit/workItems/218"
    },
    {
      "id": 219,
      "rev": 1,
      "fields": {
        "System.AreaPath": "PartsUnlimited-Lab",
        "System.TeamProject": "PartsUnlimited-Lab",
        "System.IterationPath": "$ProjectName$\\Sprint 2",
        "System.WorkItemType": "Task",
        "System.State": "Done",
        "System.Reason": "Work finished",
        "System.CreatedDate": "2023-01-23T16:05:53.99Z",
        "System.CreatedBy": "Julian Schobert <julian.schobert@servicenow.com>",
        "System.ChangedDate": "2023-01-23T16:05:53.99Z",
        "System.ChangedBy": "Julian Schobert <julian.schobert@servicenow.com>",
        "System.Title": "Update order confirmation page",
        "Microsoft.VSTS.Scheduling.Effort": 0.0,
        "System.Description": "Update order confirmation page",
        "System.AssignedTo": "Julian Schobert <julian.schobert@servicenow.com>",
        "Microsoft.VSTS.Scheduling.RemainingWork": 0.0,
        "Microsoft.VSTS.Common.Priority": 2.0,
        "System.BoardLane": null,
        "System.Tags": null,
        "Microsoft.VSTS.TCM.Steps": null,
        "Microsoft.VSTS.TCM.Parameters": null,
        "Microsoft.VSTS.TCM.LocalDataSource": null,
        "Microsoft.VSTS.TCM.AutomationStatus": null,
        "System.History": null
      },
      "relations": null,
      "url": "https://dev.azure.com/sndevops-lab/_apis/wit/workItems/219"
    },
    {
      "id": 220,
      "rev": 1,
      "fields": {
        "System.AreaPath": "PartsUnlimited-Lab",
        "System.TeamProject": "PartsUnlimited-Lab",
        "System.IterationPath": "$ProjectName$\\Sprint 1",
        "System.WorkItemType": "Task",
        "System.State": "Done",
        "System.Reason": "Work finished",
        "System.CreatedDate": "2023-01-23T16:05:54.28Z",
        "System.CreatedBy": "Julian Schobert <julian.schobert@servicenow.com>",
        "System.ChangedDate": "2023-01-23T16:05:54.28Z",
        "System.ChangedBy": "Julian Schobert <julian.schobert@servicenow.com>",
        "System.Title": "Update Gift selection page to include a message",
        "Microsoft.VSTS.Scheduling.Effort": 0.0,
        "System.Description": "Update Gift selection page to include a message",
        "System.AssignedTo": "ckelly109@outlook.com",
        "Microsoft.VSTS.Scheduling.RemainingWork": 0.0,
        "Microsoft.VSTS.Common.Priority": 2.0,
        "System.BoardLane": null,
        "System.Tags": null,
        "Microsoft.VSTS.TCM.Steps": null,
        "Microsoft.VSTS.TCM.Parameters": null,
        "Microsoft.VSTS.TCM.LocalDataSource": null,
        "Microsoft.VSTS.TCM.AutomationStatus": null,
        "System.History": null
      },
      "relations": null,
      "url": "https://dev.azure.com/sndevops-lab/_apis/wit/workItems/220"
    },
    {
      "id": 221,
      "rev": 1,
      "fields": {
        "System.AreaPath": "PartsUnlimited-Lab",
        "System.TeamProject": "PartsUnlimited-Lab",
        "System.IterationPath": "$ProjectName$\\Sprint 1",
        "System.WorkItemType": "Task",
        "System.State": "Done",
        "System.Reason": "Work finished",
        "System.CreatedDate": "2023-01-23T16:05:54.587Z",
        "System.CreatedBy": "Julian Schobert <julian.schobert@servicenow.com>",
        "System.ChangedDate": "2023-01-23T16:05:54.587Z",
        "System.ChangedBy": "Julian Schobert <julian.schobert@servicenow.com>",
        "System.Title": "Generate gift return slip",
        "Microsoft.VSTS.Scheduling.Effort": 0.0,
        "System.Description": "Generate gift return slip",
        "System.AssignedTo": "lsteel109@outlook.com",
        "Microsoft.VSTS.Scheduling.RemainingWork": 0.0,
        "Microsoft.VSTS.Common.Priority": 2.0,
        "System.BoardLane": null,
        "System.Tags": null,
        "Microsoft.VSTS.TCM.Steps": null,
        "Microsoft.VSTS.TCM.Parameters": null,
        "Microsoft.VSTS.TCM.LocalDataSource": null,
        "Microsoft.VSTS.TCM.AutomationStatus": null,
        "System.History": null
      },
      "relations": null,
      "url": "https://dev.azure.com/sndevops-lab/_apis/wit/workItems/221"
    },
    {
      "id": 222,
      "rev": 1,
      "fields": {
        "System.AreaPath": "PartsUnlimited-Lab",
        "System.TeamProject": "PartsUnlimited-Lab",
        "System.IterationPath": "$ProjectName$\\Sprint 1",
        "System.WorkItemType": "Task",
        "System.State": "Done",
        "System.Reason": "Work finished",
        "System.CreatedDate": "2023-01-23T16:05:55.18Z",
        "System.CreatedBy": "Julian Schobert <julian.schobert@servicenow.com>",
        "System.ChangedDate": "2023-01-23T16:05:55.18Z",
        "System.ChangedBy": "Julian Schobert <julian.schobert@servicenow.com>",
        "System.Title": "Add shipment tracking page",
        "Microsoft.VSTS.Scheduling.Effort": 0.0,
        "System.Description": "Add shipment tracking page",
        "System.AssignedTo": "ckelly109@outlook.com",
        "Microsoft.VSTS.Scheduling.RemainingWork": 0.0,
        "Microsoft.VSTS.Common.Priority": 3.0,
        "System.BoardLane": null,
        "System.Tags": null,
        "Microsoft.VSTS.TCM.Steps": null,
        "Microsoft.VSTS.TCM.Parameters": null,
        "Microsoft.VSTS.TCM.LocalDataSource": null,
        "Microsoft.VSTS.TCM.AutomationStatus": null,
        "System.History": null
      },
      "relations": null,
      "url": "https://dev.azure.com/sndevops-lab/_apis/wit/workItems/222"
    },
    {
      "id": 223,
      "rev": 1,
      "fields": {
        "System.AreaPath": "PartsUnlimited-Lab",
        "System.TeamProject": "PartsUnlimited-Lab",
        "System.IterationPath": "$ProjectName$\\Sprint 1",
        "System.WorkItemType": "Task",
        "System.State": "Done",
        "System.Reason": "Work finished",
        "System.CreatedDate": "2023-01-23T16:05:55.983Z",
        "System.CreatedBy": "Julian Schobert <julian.schobert@servicenow.com>",
        "System.ChangedDate": "2023-01-23T16:05:55.983Z",
        "System.ChangedBy": "Julian Schobert <julian.schobert@servicenow.com>",
        "System.Title": "Update Orders page",
        "Microsoft.VSTS.Scheduling.Effort": 0.0,
        "System.Description": "Update Orders page",
        "System.AssignedTo": "nmunger109@outlook.com",
        "Microsoft.VSTS.Scheduling.RemainingWork": 0.0,
        "Microsoft.VSTS.Common.Priority": 2.0,
        "System.BoardLane": null,
        "System.Tags": null,
        "Microsoft.VSTS.TCM.Steps": null,
        "Microsoft.VSTS.TCM.Parameters": null,
        "Microsoft.VSTS.TCM.LocalDataSource": null,
        "Microsoft.VSTS.TCM.AutomationStatus": null,
        "System.History": null
      },
      "relations": null,
      "url": "https://dev.azure.com/sndevops-lab/_apis/wit/workItems/223"
    },
    {
      "id": 224,
      "rev": 1,
      "fields": {
        "System.AreaPath": "PartsUnlimited-Lab",
        "System.TeamProject": "PartsUnlimited-Lab",
        "System.IterationPath": "$ProjectName$\\Sprint 1",
        "System.WorkItemType": "Task",
        "System.State": "Done",
        "System.Reason": "Work finished",
        "System.CreatedDate": "2023-01-23T16:05:56.227Z",
        "System.CreatedBy": "Julian Schobert <julian.schobert@servicenow.com>",
        "System.ChangedDate": "2023-01-23T16:05:56.227Z",
        "System.ChangedBy": "Julian Schobert <julian.schobert@servicenow.com>",
        "System.Title": "Create Storyboard",
        "Microsoft.VSTS.Scheduling.Effort": 0.0,
        "System.Description": "Create Storyboard",
        "System.AssignedTo": "lsteel109@outlook.com",
        "Microsoft.VSTS.Scheduling.RemainingWork": 0.0,
        "Microsoft.VSTS.Common.Priority": 2.0,
        "System.BoardLane": null,
        "System.Tags": null,
        "Microsoft.VSTS.TCM.Steps": null,
        "Microsoft.VSTS.TCM.Parameters": null,
        "Microsoft.VSTS.TCM.LocalDataSource": null,
        "Microsoft.VSTS.TCM.AutomationStatus": null,
        "System.History": null
      },
      "relations": null,
      "url": "https://dev.azure.com/sndevops-lab/_apis/wit/workItems/224"
    },
    {
      "id": 225,
      "rev": 1,
      "fields": {
        "System.AreaPath": "PartsUnlimited-Lab",
        "System.TeamProject": "PartsUnlimited-Lab",
        "System.IterationPath": "$ProjectName$\\Sprint 6",
        "System.WorkItemType": "Task",
        "System.State": "Done",
        "System.Reason": "Work finished",
        "System.CreatedDate": "2023-01-23T16:05:56.447Z",
        "System.CreatedBy": "Julian Schobert <julian.schobert@servicenow.com>",
        "System.ChangedDate": "2023-01-23T16:05:56.447Z",
        "System.ChangedBy": "Julian Schobert <julian.schobert@servicenow.com>",
        "System.Title": "Storyboard the Azure WS",
        "Microsoft.VSTS.Scheduling.Effort": 0.0,
        "System.Description": "Storyboard the Azure WS",
        "System.AssignedTo": "Julian Schobert <julian.schobert@servicenow.com>",
        "Microsoft.VSTS.Scheduling.RemainingWork": 0.0,
        "Microsoft.VSTS.Common.Priority": 2.0,
        "System.BoardLane": null,
        "System.Tags": null,
        "Microsoft.VSTS.TCM.Steps": null,
        "Microsoft.VSTS.TCM.Parameters": null,
        "Microsoft.VSTS.TCM.LocalDataSource": null,
        "Microsoft.VSTS.TCM.AutomationStatus": null,
        "System.History": null
      },
      "relations": null,
      "url": "https://dev.azure.com/sndevops-lab/_apis/wit/workItems/225"
    },
    {
      "id": 226,
      "rev": 1,
      "fields": {
        "System.AreaPath": "PartsUnlimited-Lab",
        "System.TeamProject": "PartsUnlimited-Lab",
        "System.IterationPath": "$ProjectName$\\Sprint 6",
        "System.WorkItemType": "Task",
        "System.State": "Done",
        "System.Reason": "Work finished",
        "System.CreatedDate": "2023-01-23T16:05:56.7Z",
        "System.CreatedBy": "Julian Schobert <julian.schobert@servicenow.com>",
        "System.ChangedDate": "2023-01-23T16:05:56.7Z",
        "System.ChangedBy": "Julian Schobert <julian.schobert@servicenow.com>",
        "System.Title": "Prototype Azure WS",
        "Microsoft.VSTS.Scheduling.Effort": 0.0,
        "System.Description": "Prototype Azure WS",
        "System.AssignedTo": "lsteel109@outlook.com",
        "Microsoft.VSTS.Scheduling.RemainingWork": 0.0,
        "Microsoft.VSTS.Common.Priority": 2.0,
        "System.BoardLane": null,
        "System.Tags": null,
        "Microsoft.VSTS.TCM.Steps": null,
        "Microsoft.VSTS.TCM.Parameters": null,
        "Microsoft.VSTS.TCM.LocalDataSource": null,
        "Microsoft.VSTS.TCM.AutomationStatus": null,
        "System.History": null
      },
      "relations": null,
      "url": "https://dev.azure.com/sndevops-lab/_apis/wit/workItems/226"
    },
    {
      "id": 227,
      "rev": 1,
      "fields": {
        "System.AreaPath": "PartsUnlimited-Lab",
        "System.TeamProject": "PartsUnlimited-Lab",
        "System.IterationPath": "$ProjectName$\\Sprint 6",
        "System.WorkItemType": "Task",
        "System.State": "Done",
        "System.Reason": "Work finished",
        "System.CreatedDate": "2023-01-23T16:05:56.943Z",
        "System.CreatedBy": "Julian Schobert <julian.schobert@servicenow.com>",
        "System.ChangedDate": "2023-01-23T16:05:56.943Z",
        "System.ChangedBy": "Julian Schobert <julian.schobert@servicenow.com>",
        "System.Title": "Develop the logic to display geo dependent prices",
        "Microsoft.VSTS.Scheduling.Effort": 0.0,
        "System.Description": "Develop the logic to display geo dependent prices",
        "System.AssignedTo": "Julian Schobert <julian.schobert@servicenow.com>",
        "Microsoft.VSTS.Scheduling.RemainingWork": 0.0,
        "Microsoft.VSTS.Common.Priority": 2.0,
        "System.BoardLane": null,
        "System.Tags": null,
        "Microsoft.VSTS.TCM.Steps": null,
        "Microsoft.VSTS.TCM.Parameters": null,
        "Microsoft.VSTS.TCM.LocalDataSource": null,
        "Microsoft.VSTS.TCM.AutomationStatus": null,
        "System.History": null
      },
      "relations": null,
      "url": "https://dev.azure.com/sndevops-lab/_apis/wit/workItems/227"
    },
    {
      "id": 228,
      "rev": 1,
      "fields": {
        "System.AreaPath": "PartsUnlimited-Lab",
        "System.TeamProject": "PartsUnlimited-Lab",
        "System.IterationPath": "$ProjectName$\\Sprint 6",
        "System.WorkItemType": "Task",
        "System.State": "Done",
        "System.Reason": "Work finished",
        "System.CreatedDate": "2023-01-23T16:05:57.22Z",
        "System.CreatedBy": "Julian Schobert <julian.schobert@servicenow.com>",
        "System.ChangedDate": "2023-01-23T16:05:57.22Z",
        "System.ChangedBy": "Julian Schobert <julian.schobert@servicenow.com>",
        "System.Title": "Storyboard the Dashboard",
        "Microsoft.VSTS.Scheduling.Effort": 0.0,
        "System.Description": "Storyboard the Dashboard",
        "System.AssignedTo": "lsteel109@outlook.com",
        "Microsoft.VSTS.Scheduling.RemainingWork": 0.0,
        "Microsoft.VSTS.Common.Priority": 2.0,
        "System.BoardLane": null,
        "System.Tags": null,
        "Microsoft.VSTS.TCM.Steps": null,
        "Microsoft.VSTS.TCM.Parameters": null,
        "Microsoft.VSTS.TCM.LocalDataSource": null,
        "Microsoft.VSTS.TCM.AutomationStatus": null,
        "System.History": null
      },
      "relations": null,
      "url": "https://dev.azure.com/sndevops-lab/_apis/wit/workItems/228"
    },
    {
      "id": 229,
      "rev": 1,
      "fields": {
        "System.AreaPath": "PartsUnlimited-Lab",
        "System.TeamProject": "PartsUnlimited-Lab",
        "System.IterationPath": "$ProjectName$\\Sprint 6",
        "System.WorkItemType": "Task",
        "System.State": "In Progress",
        "System.Reason": "Additional work found",
        "System.CreatedDate": "2023-01-23T16:05:57.46Z",
        "System.CreatedBy": "Julian Schobert <julian.schobert@servicenow.com>",
        "System.ChangedDate": "2023-01-23T16:05:57.46Z",
        "System.ChangedBy": "Julian Schobert <julian.schobert@servicenow.com>",
        "System.Title": "Create Storyboard",
        "Microsoft.VSTS.Scheduling.Effort": 0.0,
        "System.Description": "Create Storyboard that shows the customer experience of providing feedback&nbsp;",
        "System.AssignedTo": null,
        "Microsoft.VSTS.Scheduling.RemainingWork": 0.0,
        "Microsoft.VSTS.Common.Priority": 2.0,
        "System.BoardLane": null,
        "System.Tags": null,
        "Microsoft.VSTS.TCM.Steps": null,
        "Microsoft.VSTS.TCM.Parameters": null,
        "Microsoft.VSTS.TCM.LocalDataSource": null,
        "Microsoft.VSTS.TCM.AutomationStatus": null,
        "System.History": null
      },
      "relations": null,
      "url": "https://dev.azure.com/sndevops-lab/_apis/wit/workItems/229"
    },
    {
      "id": 230,
      "rev": 1,
      "fields": {
        "System.AreaPath": "PartsUnlimited-Lab",
        "System.TeamProject": "PartsUnlimited-Lab",
        "System.IterationPath": "$ProjectName$\\Sprint 6",
        "System.WorkItemType": "Task",
        "System.State": "In Progress",
        "System.Reason": "Additional work found",
        "System.CreatedDate": "2023-01-23T16:05:57.69Z",
        "System.CreatedBy": "Julian Schobert <julian.schobert@servicenow.com>",
        "System.ChangedDate": "2023-01-23T16:05:57.69Z",
        "System.ChangedBy": "Julian Schobert <julian.schobert@servicenow.com>",
        "System.Title": "Design Feedback page",
        "Microsoft.VSTS.Scheduling.Effort": 0.0,
        "System.Description": "Design the UI for a feedback section/page",
        "System.AssignedTo": null,
        "Microsoft.VSTS.Scheduling.RemainingWork": 0.0,
        "Microsoft.VSTS.Common.Priority": 2.0,
        "System.BoardLane": null,
        "System.Tags": null,
        "Microsoft.VSTS.TCM.Steps": null,
        "Microsoft.VSTS.TCM.Parameters": null,
        "Microsoft.VSTS.TCM.LocalDataSource": null,
        "Microsoft.VSTS.TCM.AutomationStatus": null,
        "System.History": null
      },
      "relations": null,
      "url": "https://dev.azure.com/sndevops-lab/_apis/wit/workItems/230"
    },
    {
      "id": 231,
      "rev": 1,
      "fields": {
        "System.AreaPath": "PartsUnlimited-Lab",
        "System.TeamProject": "PartsUnlimited-Lab",
        "System.IterationPath": "$ProjectName$\\Sprint 6",
        "System.WorkItemType": "Task",
        "System.State": "In Progress",
        "System.Reason": "Additional work found",
        "System.CreatedDate": "2023-01-23T16:05:57.917Z",
        "System.CreatedBy": "Julian Schobert <julian.schobert@servicenow.com>",
        "System.ChangedDate": "2023-01-23T16:05:57.917Z",
        "System.ChangedBy": "Julian Schobert <julian.schobert@servicenow.com>",
        "System.Title": "Update price changes to unfinished orders",
        "Microsoft.VSTS.Scheduling.Effort": 0.0,
        "System.Description": "Update price changes to unfinished orders",
        "System.AssignedTo": null,
        "Microsoft.VSTS.Scheduling.RemainingWork": 0.0,
        "Microsoft.VSTS.Common.Priority": 2.0,
        "System.BoardLane": null,
        "System.Tags": null,
        "Microsoft.VSTS.TCM.Steps": null,
        "Microsoft.VSTS.TCM.Parameters": null,
        "Microsoft.VSTS.TCM.LocalDataSource": null,
        "Microsoft.VSTS.TCM.AutomationStatus": null,
        "System.History": null
      },
      "relations": null,
      "url": "https://dev.azure.com/sndevops-lab/_apis/wit/workItems/231"
    },
    {
      "id": 232,
      "rev": 1,
      "fields": {
        "System.AreaPath": "PartsUnlimited-Lab",
        "System.TeamProject": "PartsUnlimited-Lab",
        "System.IterationPath": "$ProjectName$\\Sprint 6",
        "System.WorkItemType": "Task",
        "System.State": "In Progress",
        "System.Reason": "Additional work found",
        "System.CreatedDate": "2023-01-23T16:05:58.15Z",
        "System.CreatedBy": "Julian Schobert <julian.schobert@servicenow.com>",
        "System.ChangedDate": "2023-01-23T16:05:58.15Z",
        "System.ChangedBy": "Julian Schobert <julian.schobert@servicenow.com>",
        "System.Title": "Display price change in the product section",
        "Microsoft.VSTS.Scheduling.Effort": 0.0,
        "System.Description": "The price change for a product should be displayed with a proper graphic depending on whether the price increase or decrease",
        "System.AssignedTo": null,
        "Microsoft.VSTS.Scheduling.RemainingWork": 0.0,
        "Microsoft.VSTS.Common.Priority": 2.0,
        "System.BoardLane": null,
        "System.Tags": null,
        "Microsoft.VSTS.TCM.Steps": null,
        "Microsoft.VSTS.TCM.Parameters": null,
        "Microsoft.VSTS.TCM.LocalDataSource": null,
        "Microsoft.VSTS.TCM.AutomationStatus": null,
        "System.History": null
      },
      "relations": null,
      "url": "https://dev.azure.com/sndevops-lab/_apis/wit/workItems/232"
    },
    {
      "id": 233,
      "rev": 1,
      "fields": {
        "System.AreaPath": "PartsUnlimited-Lab",
        "System.TeamProject": "PartsUnlimited-Lab",
        "System.IterationPath": "$ProjectName$\\Sprint 2",
        "System.WorkItemType": "Task",
        "System.State": "In Progress",
        "System.Reason": "Work started",
        "System.CreatedDate": "2023-01-23T16:05:58.383Z",
        "System.CreatedBy": "Julian Schobert <julian.schobert@servicenow.com>",
        "System.ChangedDate": "2023-01-23T16:05:58.383Z",
        "System.ChangedBy": "Julian Schobert <julian.schobert@servicenow.com>",
        "System.Title": "Add wishlist page",
        "Microsoft.VSTS.Scheduling.Effort": 0.0,
        "System.Description": "Add wishlist page",
        "System.AssignedTo": null,
        "Microsoft.VSTS.Scheduling.RemainingWork": 8.0,
        "Microsoft.VSTS.Common.Priority": 2.0,
        "System.BoardLane": null,
        "System.Tags": null,
        "Microsoft.VSTS.TCM.Steps": null,
        "Microsoft.VSTS.TCM.Parameters": null,
        "Microsoft.VSTS.TCM.LocalDataSource": null,
        "Microsoft.VSTS.TCM.AutomationStatus": null,
        "System.History": null
      },
      "relations": null,
      "url": "https://dev.azure.com/sndevops-lab/_apis/wit/workItems/233"
    },
    {
      "id": 234,
      "rev": 1,
      "fields": {
        "System.AreaPath": "PartsUnlimited-Lab",
        "System.TeamProject": "PartsUnlimited-Lab",
        "System.IterationPath": "$ProjectName$\\Sprint 6",
        "System.WorkItemType": "Task",
        "System.State": "In Progress",
        "System.Reason": "Additional work found",
        "System.CreatedDate": "2023-01-23T16:05:58.633Z",
        "System.CreatedBy": "Julian Schobert <julian.schobert@servicenow.com>",
        "System.ChangedDate": "2023-01-23T16:05:58.633Z",
        "System.ChangedBy": "Julian Schobert <julian.schobert@servicenow.com>",
        "System.Title": "Approval for price change",
        "Microsoft.VSTS.Scheduling.Effort": 0.0,
        "System.Description": "Approval for price change",
        "System.AssignedTo": null,
        "Microsoft.VSTS.Scheduling.RemainingWork": 0.0,
        "Microsoft.VSTS.Common.Priority": 3.0,
        "System.BoardLane": null,
        "System.Tags": null,
        "Microsoft.VSTS.TCM.Steps": null,
        "Microsoft.VSTS.TCM.Parameters": null,
        "Microsoft.VSTS.TCM.LocalDataSource": null,
        "Microsoft.VSTS.TCM.AutomationStatus": null,
        "System.History": null
      },
      "relations": null,
      "url": "https://dev.azure.com/sndevops-lab/_apis/wit/workItems/234"
    },
    {
      "id": 235,
      "rev": 1,
      "fields": {
        "System.AreaPath": "PartsUnlimited-Lab",
        "System.TeamProject": "PartsUnlimited-Lab",
        "System.IterationPath": "$ProjectName$\\Sprint 6",
        "System.WorkItemType": "Task",
        "System.State": "In Progress",
        "System.Reason": "Work started",
        "System.CreatedDate": "2023-01-23T16:05:58.917Z",
        "System.CreatedBy": "Julian Schobert <julian.schobert@servicenow.com>",
        "System.ChangedDate": "2023-01-23T16:05:58.917Z",
        "System.ChangedBy": "Julian Schobert <julian.schobert@servicenow.com>",
        "System.Title": "Trial CD in staging",
        "Microsoft.VSTS.Scheduling.Effort": 0.0,
        "System.Description": "Trial CD in staging",
        "System.AssignedTo": null,
        "Microsoft.VSTS.Scheduling.RemainingWork": 0.0,
        "Microsoft.VSTS.Common.Priority": 2.0,
        "System.BoardLane": null,
        "System.Tags": null,
        "Microsoft.VSTS.TCM.Steps": null,
        "Microsoft.VSTS.TCM.Parameters": null,
        "Microsoft.VSTS.TCM.LocalDataSource": null,
        "Microsoft.VSTS.TCM.AutomationStatus": null,
        "System.History": null
      },
      "relations": null,
      "url": "https://dev.azure.com/sndevops-lab/_apis/wit/workItems/235"
    },
    {
      "id": 236,
      "rev": 2,
      "fields": {
        "System.AreaPath": "PartsUnlimited-Lab",
        "System.TeamProject": "PartsUnlimited-Lab",
        "System.IterationPath": "$ProjectName$\\Sprint 4",
        "System.WorkItemType": "Task",
        "System.State": "To Do",
        "System.Reason": "New task",
        "System.CreatedDate": "2023-01-23T16:05:59.16Z",
        "System.CreatedBy": "Julian Schobert <julian.schobert@servicenow.com>",
        "System.ChangedDate": "2023-01-23T16:06:27.767Z",
        "System.ChangedBy": "Julian Schobert <julian.schobert@servicenow.com>",
        "System.Title": "Add Terms and Conditions for Sale & Support in Layout.cshtml Page",
        "Microsoft.VSTS.Scheduling.Effort": 0.0,
        "System.Description": "Add Terms and Conditions for Sale &amp; Support in Layout.cshtml Page",
        "System.AssignedTo": null,
        "Microsoft.VSTS.Scheduling.RemainingWork": 0.0,
        "Microsoft.VSTS.Common.Priority": 2.0,
        "System.BoardLane": null,
        "System.Tags": null,
        "Microsoft.VSTS.TCM.Steps": null,
        "Microsoft.VSTS.TCM.Parameters": null,
        "Microsoft.VSTS.TCM.LocalDataSource": null,
        "Microsoft.VSTS.TCM.AutomationStatus": null,
        "System.History": null
      },
      "relations": [
        {
          "rel": "ArtifactLink",
          "url": "vstfs:///Git/PullRequestId/02dace75-887f-41d5-8cec-75cb554322ee%2Fe39c00bd-7571-452a-a7f0-af9500d27984%2F22",
          "attributes": {
            "authorizedDate": "2023-01-23T16:06:27.767Z",
            "id": "16465667",
            "resourceCreatedDate": "2023-01-23T16:06:27.767Z",
            "resourceModifiedDate": "2023-01-23T16:06:27.767Z",
            "revisedDate": "9999-01-01T00:00:00Z",
            "name": "Pull Request"
          }
        }
      ],
      "url": "https://dev.azure.com/sndevops-lab/_apis/wit/workItems/236"
    },
    {
      "id": 237,
      "rev": 1,
      "fields": {
        "System.AreaPath": "PartsUnlimited-Lab",
        "System.TeamProject": "PartsUnlimited-Lab",
        "System.IterationPath": "$ProjectName$\\Sprint 2",
        "System.WorkItemType": "Task",
        "System.State": "To Do",
        "System.Reason": "New task",
        "System.CreatedDate": "2023-01-23T16:05:59.397Z",
        "System.CreatedBy": "Julian Schobert <julian.schobert@servicenow.com>",
        "System.ChangedDate": "2023-01-23T16:05:59.397Z",
        "System.ChangedBy": "Julian Schobert <julian.schobert@servicenow.com>",
        "System.Title": "Update product selection section to move items to wishlist",
        "Microsoft.VSTS.Scheduling.Effort": 0.0,
        "System.Description": "Automation to include creation of the SQL DB on Azure",
        "System.AssignedTo": null,
        "Microsoft.VSTS.Scheduling.RemainingWork": 12.0,
        "Microsoft.VSTS.Common.Priority": 2.0,
        "System.BoardLane": null,
        "System.Tags": null,
        "Microsoft.VSTS.TCM.Steps": null,
        "Microsoft.VSTS.TCM.Parameters": null,
        "Microsoft.VSTS.TCM.LocalDataSource": null,
        "Microsoft.VSTS.TCM.AutomationStatus": null,
        "System.History": null
      },
      "relations": null,
      "url": "https://dev.azure.com/sndevops-lab/_apis/wit/workItems/237"
    },
    {
      "id": 238,
      "rev": 1,
      "fields": {
        "System.AreaPath": "PartsUnlimited-Lab",
        "System.TeamProject": "PartsUnlimited-Lab",
        "System.IterationPath": "$ProjectName$\\Sprint 6",
        "System.WorkItemType": "Task",
        "System.State": "To Do",
        "System.Reason": "New task",
        "System.CreatedDate": "2023-01-23T16:05:59.637Z",
        "System.CreatedBy": "Julian Schobert <julian.schobert@servicenow.com>",
        "System.ChangedDate": "2023-01-23T16:05:59.637Z",
        "System.ChangedBy": "Julian Schobert <julian.schobert@servicenow.com>",
        "System.Title": "Check new pricing for lights, brakes and wheels",
        "Microsoft.VSTS.Scheduling.Effort": 0.0,
        "System.Description": "Check new pricing for lights, brakes and wheels",
        "System.AssignedTo": null,
        "Microsoft.VSTS.Scheduling.RemainingWork": 3.0,
        "Microsoft.VSTS.Common.Priority": 2.0,
        "System.BoardLane": null,
        "System.Tags": null,
        "Microsoft.VSTS.TCM.Steps": null,
        "Microsoft.VSTS.TCM.Parameters": null,
        "Microsoft.VSTS.TCM.LocalDataSource": null,
        "Microsoft.VSTS.TCM.AutomationStatus": null,
        "System.History": null
      },
      "relations": null,
      "url": "https://dev.azure.com/sndevops-lab/_apis/wit/workItems/238"
    },
    {
      "id": 239,
      "rev": 1,
      "fields": {
        "System.AreaPath": "PartsUnlimited-Lab",
        "System.TeamProject": "PartsUnlimited-Lab",
        "System.IterationPath": "$ProjectName$\\Sprint 6",
        "System.WorkItemType": "Task",
        "System.State": "To Do",
        "System.Reason": "New task",
        "System.CreatedDate": "2023-01-23T16:05:59.883Z",
        "System.CreatedBy": "Julian Schobert <julian.schobert@servicenow.com>",
        "System.ChangedDate": "2023-01-23T16:05:59.883Z",
        "System.ChangedBy": "Julian Schobert <julian.schobert@servicenow.com>",
        "System.Title": "Develop the logic to display geo dependent prices",
        "Microsoft.VSTS.Scheduling.Effort": 0.0,
        "System.Description": "Develop the logic to display geo dependent prices",
        "System.AssignedTo": null,
        "Microsoft.VSTS.Scheduling.RemainingWork": 5.0,
        "Microsoft.VSTS.Common.Priority": 2.0,
        "System.BoardLane": null,
        "System.Tags": null,
        "Microsoft.VSTS.TCM.Steps": null,
        "Microsoft.VSTS.TCM.Parameters": null,
        "Microsoft.VSTS.TCM.LocalDataSource": null,
        "Microsoft.VSTS.TCM.AutomationStatus": null,
        "System.History": null
      },
      "relations": null,
      "url": "https://dev.azure.com/sndevops-lab/_apis/wit/workItems/239"
    },
    {
      "id": 240,
      "rev": 1,
      "fields": {
        "System.AreaPath": "PartsUnlimited-Lab",
        "System.TeamProject": "PartsUnlimited-Lab",
        "System.IterationPath": "$ProjectName$\\Sprint 6",
        "System.WorkItemType": "Task",
        "System.State": "To Do",
        "System.Reason": "New task",
        "System.CreatedDate": "2023-01-23T16:06:00.137Z",
        "System.CreatedBy": "Julian Schobert <julian.schobert@servicenow.com>",
        "System.ChangedDate": "2023-01-23T16:06:00.137Z",
        "System.ChangedBy": "Julian Schobert <julian.schobert@servicenow.com>",
        "System.Title": "Update the prices on web pages",
        "Microsoft.VSTS.Scheduling.Effort": 0.0,
        "System.Description": "Update the prices on web pages",
        "System.AssignedTo": null,
        "Microsoft.VSTS.Scheduling.RemainingWork": 8.0,
        "Microsoft.VSTS.Common.Priority": 2.0,
        "System.BoardLane": null,
        "System.Tags": null,
        "Microsoft.VSTS.TCM.Steps": null,
        "Microsoft.VSTS.TCM.Parameters": null,
        "Microsoft.VSTS.TCM.LocalDataSource": null,
        "Microsoft.VSTS.TCM.AutomationStatus": null,
        "System.History": null
      },
      "relations": null,
      "url": "https://dev.azure.com/sndevops-lab/_apis/wit/workItems/240"
    },
    {
      "id": 241,
      "rev": 1,
      "fields": {
        "System.AreaPath": "PartsUnlimited-Lab",
        "System.TeamProject": "PartsUnlimited-Lab",
        "System.IterationPath": "$ProjectName$\\Sprint 6",
        "System.WorkItemType": "Task",
        "System.State": "To Do",
        "System.Reason": "New task",
        "System.CreatedDate": "2023-01-23T16:06:00.377Z",
        "System.CreatedBy": "Julian Schobert <julian.schobert@servicenow.com>",
        "System.ChangedDate": "2023-01-23T16:06:00.377Z",
        "System.ChangedBy": "Julian Schobert <julian.schobert@servicenow.com>",
        "System.Title": "testzzz",
        "Microsoft.VSTS.Scheduling.Effort": 0.0,
        "System.Description": "testzzz",
        "System.AssignedTo": null,
        "Microsoft.VSTS.Scheduling.RemainingWork": 0.0,
        "Microsoft.VSTS.Common.Priority": 2.0,
        "System.BoardLane": null,
        "System.Tags": null,
        "Microsoft.VSTS.TCM.Steps": null,
        "Microsoft.VSTS.TCM.Parameters": null,
        "Microsoft.VSTS.TCM.LocalDataSource": null,
        "Microsoft.VSTS.TCM.AutomationStatus": null,
        "System.History": null
      },
      "relations": null,
      "url": "https://dev.azure.com/sndevops-lab/_apis/wit/workItems/241"
    },
    {
      "id": 242,
      "rev": 1,
      "fields": {
        "System.AreaPath": "PartsUnlimited-Lab",
        "System.TeamProject": "PartsUnlimited-Lab",
        "System.IterationPath": "$ProjectName$\\Sprint 3",
        "System.WorkItemType": "Task",
        "System.State": "To Do",
        "System.Reason": "New task",
        "System.CreatedDate": "2023-01-23T16:06:00.633Z",
        "System.CreatedBy": "Julian Schobert <julian.schobert@servicenow.com>",
        "System.ChangedDate": "2023-01-23T16:06:00.633Z",
        "System.ChangedBy": "Julian Schobert <julian.schobert@servicenow.com>",
        "System.Title": "Be sure and include a dark theme",
        "Microsoft.VSTS.Scheduling.Effort": 0.0,
        "System.Description": "Be sure and include a dark theme",
        "System.AssignedTo": null,
        "Microsoft.VSTS.Scheduling.RemainingWork": 0.0,
        "Microsoft.VSTS.Common.Priority": 2.0,
        "System.BoardLane": null,
        "System.Tags": null,
        "Microsoft.VSTS.TCM.Steps": null,
        "Microsoft.VSTS.TCM.Parameters": null,
        "Microsoft.VSTS.TCM.LocalDataSource": null,
        "Microsoft.VSTS.TCM.AutomationStatus": null,
        "System.History": null
      },
      "relations": null,
      "url": "https://dev.azure.com/sndevops-lab/_apis/wit/workItems/242"
    },
    {
      "id": 243,
      "rev": 1,
      "fields": {
        "System.AreaPath": "PartsUnlimited-Lab",
        "System.TeamProject": "PartsUnlimited-Lab",
        "System.IterationPath": "$ProjectName$\\Sprint 3",
        "System.WorkItemType": "Task",
        "System.State": "To Do",
        "System.Reason": "New task",
        "System.CreatedDate": "2023-01-23T16:06:00.87Z",
        "System.CreatedBy": "Julian Schobert <julian.schobert@servicenow.com>",
        "System.ChangedDate": "2023-01-23T16:06:00.87Z",
        "System.ChangedBy": "Julian Schobert <julian.schobert@servicenow.com>",
        "System.Title": "New bug",
        "Microsoft.VSTS.Scheduling.Effort": 0.0,
        "System.Description": "New bug",
        "System.AssignedTo": null,
        "Microsoft.VSTS.Scheduling.RemainingWork": 0.0,
        "Microsoft.VSTS.Common.Priority": 2.0,
        "System.BoardLane": null,
        "System.Tags": null,
        "Microsoft.VSTS.TCM.Steps": null,
        "Microsoft.VSTS.TCM.Parameters": null,
        "Microsoft.VSTS.TCM.LocalDataSource": null,
        "Microsoft.VSTS.TCM.AutomationStatus": null,
        "System.History": null
      },
      "relations": null,
      "url": "https://dev.azure.com/sndevops-lab/_apis/wit/workItems/243"
    },
    {
      "id": 244,
      "rev": 1,
      "fields": {
        "System.AreaPath": "PartsUnlimited-Lab",
        "System.TeamProject": "PartsUnlimited-Lab",
        "System.IterationPath": "$ProjectName$\\Sprint 3",
        "System.WorkItemType": "Task",
        "System.State": "To Do",
        "System.Reason": "New task",
        "System.CreatedDate": "2023-01-23T16:06:01.103Z",
        "System.CreatedBy": "Julian Schobert <julian.schobert@servicenow.com>",
        "System.ChangedDate": "2023-01-23T16:06:01.103Z",
        "System.ChangedBy": "Julian Schobert <julian.schobert@servicenow.com>",
        "System.Title": "Add categories",
        "Microsoft.VSTS.Scheduling.Effort": 0.0,
        "System.Description": "Add categories",
        "System.AssignedTo": null,
        "Microsoft.VSTS.Scheduling.RemainingWork": 0.0,
        "Microsoft.VSTS.Common.Priority": 2.0,
        "System.BoardLane": null,
        "System.Tags": null,
        "Microsoft.VSTS.TCM.Steps": null,
        "Microsoft.VSTS.TCM.Parameters": null,
        "Microsoft.VSTS.TCM.LocalDataSource": null,
        "Microsoft.VSTS.TCM.AutomationStatus": null,
        "System.History": null
      },
      "relations": null,
      "url": "https://dev.azure.com/sndevops-lab/_apis/wit/workItems/244"
    },
    {
      "id": 245,
      "rev": 1,
      "fields": {
        "System.AreaPath": "PartsUnlimited-Lab",
        "System.TeamProject": "PartsUnlimited-Lab",
        "System.IterationPath": "$ProjectName$\\Sprint 3",
        "System.WorkItemType": "Task",
        "System.State": "To Do",
        "System.Reason": "New task",
        "System.CreatedDate": "2023-01-23T16:06:01.347Z",
        "System.CreatedBy": "Julian Schobert <julian.schobert@servicenow.com>",
        "System.ChangedDate": "2023-01-23T16:06:01.347Z",
        "System.ChangedBy": "Julian Schobert <julian.schobert@servicenow.com>",
        "System.Title": "Update navigation",
        "Microsoft.VSTS.Scheduling.Effort": 0.0,
        "System.Description": "Update navigation",
        "System.AssignedTo": null,
        "Microsoft.VSTS.Scheduling.RemainingWork": 0.0,
        "Microsoft.VSTS.Common.Priority": 2.0,
        "System.BoardLane": null,
        "System.Tags": null,
        "Microsoft.VSTS.TCM.Steps": null,
        "Microsoft.VSTS.TCM.Parameters": null,
        "Microsoft.VSTS.TCM.LocalDataSource": null,
        "Microsoft.VSTS.TCM.AutomationStatus": null,
        "System.History": null
      },
      "relations": null,
      "url": "https://dev.azure.com/sndevops-lab/_apis/wit/workItems/245"
    }
  ],
  "HttpStatusCode": 0,
  "Message": null
}